Article Title,Article Link,Article Text,Article Summary,Article Image
'We call it kidnapping': CJP's Ashutosh Ranka calls Assam Police action completely illegal,https://timesofindia.indiatimes.com/india/we-call-it-kidnapping-cjps-ashutosh-ranka-alleges-assam-police-action-was-completely-illegal/articleshow/134537831.cms,"Cockroach Janta Party (CJP) co-convener Ashutosh Ranka . (PTI Photo)

CJP to begin nationwide protest from Oct 2

Join conversation View All Comments → Share your thoughts in the comments Insightful Agree Disagree Skeptical Concerning Promising Worth Reading Big Development Post Comment Be respectful · TOI community guidelines

NEW DELHI: Cockroach Janta Party ( CJP ) spokesperson Ashutosh Ranka, who was detained along with several party leaders alleged on Monday that the Assam Police action was ""completely illegal.""Ranka, who was later released, alleged that CJP members were picked up from private property without being informed of the grounds for their detention.Ranka alleged that the police failed to provide a specific reason for the action. “It wasn't a detention. It was completely illegal because they picked us up from private property. We don't call this detention; we call it kidnapping,” he said.“When we asked the police on what grounds we were detained, their only reply was, 'Sir, we have orders from above, so we arrested you, detained you.' And even after that, when we continuously asked while we were there, they couldn't give us any other reason,” Ranka alleged.He also accused Assam chief minister Himanta Biswa Sarma of attempting to suppress the organisation's activities.“The government's intention was to bully us. Hemanta Biswa Sarma wanted to intimidate us, but Hemanta Biswa Sarma made the same mistake that Amit Shah made on July 20th. The more you suppress, the more the revolution will spread,” he said.“Now, Assam CJP will see how students and youth issues will be raised in the coming times,” Ranka added.Ranka said CJP plans to expand its activities across Assam and other Northeastern states, focusing on issues concerning students and young people.“There are many issues in Assam; there are a lot of local issues here. The condition of schools here is very poor, especially in the remote areas where most schools don't even have their own buildings,” he said.“A complete facade has been created in the name of development, but we want the country to see the reality of that development,” Ranka added. He said the organisation would also raise issues related to floods, Kaziranga and other local concerns.“All the student and youth-centric issues that the youth of Assam have been struggling with for a long time, we will work on all of them in the coming time. We will definitely go to other Northeast states. We have received a very good response, a very good support,” Ranka said.The CJP leaders were detained on Sunday shortly before the organisation's first regional volunteers' meeting in Guwahati was scheduled to begin near the Assam Secretariat.The organisation said several senior leaders and Assam-based volunteers, including Ranka, Ankit Bhardwaj and Prem Aakash, were taken to a police facility. Reports said around 30 CJP workers were detained.The CJP had described the gathering as a peaceful meeting on private property. Assam Police has not publicly provided a detailed explanation for the detentions, according to the information available.Ranka also said that CJP founder Abhijeet Dipke had initially planned to travel to Assam following the detentions but would now focus on preparations for the organisation's proposed October 2 protest over the Special Intensive Revision (SIR) of electoral rolls and its demand for the resignation of Chief Election Commissioner Gyanesh Kumar.“Abhijit's plan was based on our arrest yesterday. But as I've been released, Abhijit is not coming. He is busy preparing for the protest planned for October 2nd regarding SIR and Gyanesh Kumar's resignation,” Ranka told reporters.On the demand for Kumar's resignation, Ranka said the organisation would launch a nationwide protest from October 2.“It will happen now. For 48 hours, the ball was in Gyanesh Kumar's court. Now the ball is in CJP's court. We'll start our nationwide protest from 2nd October, and we won't back down until Ganeshkumar resigns,” he added.Ranka also alleged that more than 13 crore people had been removed from electoral rolls and questioned the process of electoral boundary redrawing in Assam. These claims were made by Ranka and CJP and have not been independently established.The remarks come amid a wider political dispute over the functioning of the Election Commission and the SIR exercise. An Indian Express report cited by CJP said Election Commissioners Sukhbir Singh Sandhu and Vivek Joshi had raised objections on multiple occasions over SIR-related decisions.The Election Commission has rejected allegations of internal disagreement and maintained that decisions concerning SIR were taken with the “unanimous approval of the Commission.” The detentions came after the leadership of Akhil Gogoi-led Raijor Dal met CJP leaders, including Ranka, in Guwahati.","Cockroach Janta Party (CJP) spokesperson Ashutosh Ranka, who was detained along with several party leaders alleged on Monday that the Assam Police action was ""completely illegal"" CJP plans to expand its activities across Assam and other Northeastern states, focusing on issues concerning students and young people.","https://static.toiimg.com/thumb/msid-134538163,imgsize-70608,width-400,height-225,resizemode-4/ranka.jpg"
"'No basic public safety, expressing solidarity no solution': SC pulls up system amid rising rape cases in Delhi",https://timesofindia.indiatimes.com/india/no-basic-public-safety-expressing-solidarity-no-solution-sc-pulls-up-system-amid-rising-rape-cases-in-delhi/articleshow/134538001.cms,"Supreme Court flags systemic gaps in Delhi’s public safety measures amid rising rape cases

Join conversation View All Comments → Share your thoughts in the comments Insightful Agree Disagree Skeptical Concerning Promising Worth Reading Big Development Post Comment Be respectful · TOI community guidelines

NEW DELHI: The Supreme Court on Monday took suo motu cognisance of recent rape cases in Delhi-NCR, saying the incidents point to a “systematic failure” by law-enforcement and public administrative authorities to ensure basic public safety.A bench of Justices JB Pardiwala and K Vinod Chandran directed the court registry to register a suo motu public interest litigation on the issue and list it for hearing.""The reports of rape cases in Delhi-NCR starkly underline a systematic failure on the part of the law enforcement and the public administrative authorities to guarantee basic public safety,"" news agency PTI quoted the bench saying.The court said the incidents brought back “painful parallels” with the 2012 Nirbhaya case and raised questions over whether law-enforcement mechanisms had made meaningful progress since then.""One cannot help but draw painful parallels with the 2012 Nirbhaya case, raising the question of whether systemic law-enforcement mechanisms have made any meaningful progress in the decade since then,"" Bar and Bench quoted Justice Pardiwala saying.The bench said the right to live with dignity and without fear of violence is an intrinsic part of the fundamental right to life and personal liberty guaranteed under Article 21 of the Constitution.It said public spaces such as parks, roads, buses, metro stations, subways and footbridges cannot be allowed to become high-risk zones because of inadequate lighting, poor surveillance, lack of patrolling or other preventable administrative deficiencies.The court's observations came against the backdrop of multiple sexual assault cases reported in the national capital.A 16-year-old girl was allegedly gang-raped by the conductor and driver of a sleeper bus after boarding it in Greater Noida on August 4. She was later abandoned near Kashmere Gate in Old Delhi, over 40 km away. Both accused have been arrested.The Supreme Court also said statements by public authorities and elected representatives expressing concern over such incidents, while understandable, do not address the larger question of institutional accountability.“Expressing solidarity is not a solution to this social evil,” the bench said, calling for a measurable response and accountability from authorities responsible for preventing crime, maintaining public order and protecting vulnerable people.The court's intervention also follows the August 4 gang-rape of a 16-year-old girl on a sleeper bus in Greater Noida. The teenager was allegedly assaulted by the bus conductor and driver and abandoned near Kashmere Gate, over 40 km away. Both accused have been arrested.",Justices JB Pardiwala and K Vinod Chandran directed the court registry to register a suo motu public interest litigation on the issue. The court said the incidents brought back “painful parallels” with the 2012 Nirbhaya case and raised questions over whether law-enforcement mechanisms had made meaningful progress.,"https://static.toiimg.com/thumb/msid-134538131,imgsize-149301,width-400,height-225,resizemode-4/delhi-police.jpg"
CBSE third-language rule: Supreme Court extends relaxations to Class VI students,https://timesofindia.indiatimes.com/india/cbse-third-language-rule-supreme-court-extends-relaxations-to-class-vi-students/articleshow/134538075.cms,"SC extends Class VII-VIII relaxations to Class VI (PTI photo)

Join conversation View All Comments → Share your thoughts in the comments Insightful Agree Disagree Skeptical Concerning Promising Worth Reading Big Development Post Comment Be respectful · TOI community guidelines

NEW DELHI: The Supreme Court on Monday directed the CBSE to extend to Class VI students the same exemptions and relaxations available to students of Classes VII and VIII under its newly introduced three-language scheme.Under the order, Class VI students will have to study the newly mandated third language, but they will not have to appear for a CBSE Board examination in that language when they reach Class X. The exemption is currently available to students who are in Classes VII and VIII.The Supreme Court has also extended another relaxation to Class VI students. Those already studying two non-native languages will be allowed to continue with the same combination and take one additional Bharatiya Bhasha as their third language.This means such students will not have to drop or change either of their existing languages to accommodate the two regional languages required under the new language scheme.The directions bring Class VI students on par with the current Classes VII and VIII batches in terms of the exemptions and flexibility available under the CBSE's three-language policy.","Supreme Court orders CBSE to extend same exemptions and relaxations to Class VI students. Students will have to study the newly mandated third language, but will not have to appear for a CBSE Board examination in that language. The exemption is currently available to students who are in Classes VII and VIII.","https://static.toiimg.com/thumb/msid-134538116,imgsize-1403725,width-400,height-225,resizemode-4/cbse-third-language-rule.jpg"
J&K assembly passes resolution seeking urgent restoration of full statehood amid BJP walkout,https://timesofindia.indiatimes.com/india/jk-assembly-passes-resolution-seeking-urgent-restoration-of-full-statehood-amid-bjp-walkout/articleshow/134537362.cms,"J&K assembly passes Omar’s statehood resolution amid BJP walkout

Join conversation View All Comments → Share your thoughts in the comments Insightful Agree Disagree Skeptical Concerning Promising Worth Reading Big Development Post Comment Be respectful · TOI community guidelines

NEW DELHI: The Jammu and Kashmir legislative assembly on Monday passed a resolution demanding the urgent restoration of full statehood to the Union Territory, amid strong protests and walkout from BJP legislators.The resolution was moved by chief minister Omar Abdullah and was passed despite opposition from the BJP, the largest opposition party in the assembly.Jammu and Kashmir has remained a Union Territory since the BJP-led Centre abrogated Article 370 in August 2019 and reorganised the erstwhile state into two Union Territories, Jammu and Kashmir and Ladakh.The BJP opposed the resolution, questioning the manner in which it was allowed by Speaker Abdul Rahim Rather. BJP legislators said the Speaker had permitted the resolution to be taken up in relaxation of the assembly rules.As soon as the assembly proceedings began on Monday, BJP members stood up and protested against the resolution.The opposition party also moved a motion seeking the removal of Speaker Abdul Rahim Rather, alleging that he had allowed the chief minister's resolution in violation of the rules.","The resolution was moved by chief minister Omar Abdullah and was passed despite opposition from the BJP, the largest opposition party in the assembly. Jammu and Kashmir has remained a Union Territory since the BJP-led Centre abrogated Article 370 in August 2019 and reorganised the erstwhile state into two Union Territories.","https://static.toiimg.com/thumb/msid-134537508,imgsize-870990,width-400,height-225,resizemode-4/jampk-cm-omar-abdullah-pti-file-photo.jpg"
"SC asks EC to decide TMC name, symbol dispute between rival factions within 3 months",https://timesofindia.indiatimes.com/india/sc-asks-ec-to-decide-tmc-name-symbol-dispute-between-rival-factions-within-3-months/articleshow/134537009.cms,"SC directs EC to settle TMC faction dispute over name, ‘flowers and grass’ symbol

Join conversation View All Comments → Share your thoughts in the comments Insightful Agree Disagree Skeptical Concerning Promising Worth Reading Big Development Post Comment Be respectful · TOI community guidelines

NEW DELHI: The Supreme Court on Monday directed the Election Commission to decide the dispute between two rival factions of the All India Trinamool Congress (TMC) over the party's name and its “flowers and grass” election symbol within three months.A bench comprising Chief Justice Surya Kant and Justices Joymalya Bagchi and V Mohana asked both factions to complete their pleadings before the poll panel within four weeks.The court directed the Election Commission to take a final decision on the dispute within three months after the completion of pleadings by both sides.The court passed the order while hearing a plea filed by former West Bengal chief minister Mamata Banerjee challenging the EC’s decision to freeze the TMC’s name and “flowers and grass” election symbol.The development comes days after the Election Commission temporarily allotted Mamata Banerjee’s faction the name “Mamata All India Trinamool Congress” and the “football player” symbol. The rival faction was allotted the name “Democratic Trinamool Congress” and the “envelope” symbol.Earlier, in an interim order, the poll panel froze the All India Trinamool Congress name and its “flowers and grass” symbol after recognising a factional dispute within the party.Neither faction can use the original name or symbol until the dispute is finally settled.The temporary arrangement will apply to the upcoming bypolls, with candidates from the two factions contesting under the separate names and symbols allotted by the Commission.The Election Commission has been hearing competing claims over control of the party, its name and election symbol. Both factions have submitted documents and appeared before the Commission during the proceedings.The dispute reached the poll panel after rival groups staked claims to control the TMC. The Commission subsequently sought submissions on issues including organisational control, authorised office-bearers, party assets, the party name and its election symbol.","The Election Commission has been hearing competing claims over control of the party, its name and election symbol. The dispute reached the poll panel after rival groups staked claims to control the TMC. Neither faction can use the original name or symbol until the dispute is finally settled.","https://static.toiimg.com/thumb/msid-134537098,imgsize-106092,width-400,height-225,resizemode-4/file-photo.jpg"
‘Will contest at least 150 seats in UP’: Congress discusses alliance talks with SP,https://timesofindia.indiatimes.com/india/will-contest-at-least-150-seats-in-up-congress-discusses-alliance-talks-with-sp/articleshow/134535661.cms,"SP chief Akhilesh Yadav and Congress MP Rahul Gandhi

Join conversation View All Comments → Share your thoughts in the comments Insightful Agree Disagree Skeptical Concerning Promising Worth Reading Big Development Post Comment Be respectful · TOI community guidelines

NEW DELHI: The Congress will contest at least 150 seats in the Uttar Pradesh assembly elections early next year, a party leader said on Monday, asserting that the Congress is “entitled” to contest half the seats in its alliance with the Samajwadi Party (SP).Seat-sharing talks with the SP are likely to be finalised in October, according to Rajendra Pal Gautam, the Congress’ Uttar Pradesh in-charge.“Seat-sharing will likely be finalised in October. Congress has candidates available to contest all 403 seats. Under the alliance, the Congress is entitled to 50% of the seats. We will not contest fewer than 150 seats,” Gautam told ANI.“For the last two months, Congress has been working on seat-sharing in Uttar Pradesh. Rahul Gandhi, Mallikarjun Kharge, Priyanka Gandhi, KC Venugopal and I are looking after this work,” he added.The Congress and the SP are key constituents of the Opposition INDIA bloc in Uttar Pradesh. The two parties contested the 2024 Lok Sabha elections in the state as alliance partners, winning 43 of the 80 seats. The SP won 37 seats — its best performance in a Lok Sabha election — while the Congress secured six. The BJP, which rules both the Centre and the state, finished second with 33 seats, down from 62 in 2019.The previous SP-Congress alliance in Uttar Pradesh, for the 2017 assembly elections, was less successful. The SP won 47 seats and was voted out of power, while the Congress secured only seven seats.","Seat-sharing talks with the SP are likely to be finalised in October, according to Rajendra Pal Gautam, the Congress’ Uttar Pradesh in-charge. The previous SP- Congress alliance in Uttar Pradesh, for the 2017 assembly elections, was less successful. The SP won 47 seats and was voted out of power.","https://static.toiimg.com/thumb/msid-134536408,imgsize-60664,width-400,height-225,resizemode-4/sp-chief-akhilesh-yadav-and-congress-mp-rahul-gandhi.jpg"
'Amit Shah's cops denies right': Delegation to visit Parliament Street Police station over Jantar Mantar curbs,https://timesofindia.indiatimes.com/india/amit-shahs-police-denies-right-delegation-to-visit-parliament-street-station-over-jantar-mantar-curbs/articleshow/134535438.cms,"Six member delegation to visit Parliament street police station over Jantar Mantar curbs

Join conversation View All Comments → Share your thoughts in the comments Insightful Agree Disagree Skeptical Concerning Promising Worth Reading Big Development Post Comment Be respectful · TOI community guidelines

Six member delegation to visit Parliament street police station over Jantar Mantar curbs

Heavy barricading at Jantar Mantar

NEW DELHI: A six member delegation comprising activists and politicians, including Neha, Prashant Bhushan, Yogendra Yadav, Nandita Narain, RJD leader Manoj Jha and Nikhil Dey, is scheduled to visit the Parliament Street Police Station in Delhi at 3 pm on Monday over restrictions on protests at Jantar Mantar.The delegation is seeking clarification from authorities on the reasons behind the alleged restrictions and the legal basis for them.In a statement announcing the visit, the delegation questioned why the right to protest at Jantar Mantar was being restricted and asked authorities to clarify the reasons for the decision.“For what reasons? By which Law? On whose orders?” the statement asked.The delegation also linked the issue to concerns over voting rights, asking: “Why is our Right To Protest At Jantar Mantar Being Snatched Along With Our Voter Rights?”Jantar Mantar in Delhi was heavily barricaded on September 25 amid nationwide protests demanding the resignation of Chief Election Commissioner Gyanesh Kumar over the Special Intensive Revision (SIR) of electoral rolls.Security personnel were also deployed outside the Election Commission office in New Delhi ahead of a Delhi Congress demonstration over the SIR exercise.CJP founder Abhijeet Dipke said on Friday that his organisation would launch nationwide protests from October 2 if Kumar did not resign by Saturday.",Six member delegation to visit Parliament street police station over Jantar Mantar curbs. The delegation is seeking clarification from authorities on the reasons behind the alleged restrictions and the legal basis for them. Jantor Mantar in Delhi was heavily barricaded on September 25 amid nationwide protests demanding the resignation of Chief Election Commissioner.,"https://static.toiimg.com/thumb/msid-134535438,imgsize-96228,width-400,height-225,resizemode-4/134535438.jpg"
"Bank unions call off 3-day strike after assurances, IBA to study demands",https://timesofindia.indiatimes.com/india/bank-unions-call-off-3-day-strike-after-assurances-iba-to-study-demands/articleshow/134526239.cms,"Bank unions withdraw three-day strike after late-night agreement with IBA on key demands.

NEW DELHI: Bank unions called off their proposed three-day strike just before midnight after the Indian Banks Association agreed to look into their demands.""A high-level committee of IBA and UFBU (United Forum of Bank Unions) will be formed immediately to deliberate on the issue of declaring the remaining Saturdays as holidays. This committee will explore, all possible alternatives; discuss with all stakeholders, and work out a solution acceptable to all stakeholders and, more importantly, the customers,"" a late night communication said.Unions want a five-day work week, which is being resisted by banks as it may inconvenience customers.The late-night announcement came after what turned out to be a working Sunday for state-run bank employees as govt ordered branches to stay open so that customers are not inconvenienced.","Unions want a five-day work week, which is being resisted by banks as it may inconvenience customers. The late-night announcement came after what turned out to be a working Sunday for state-run bank employees. Govt ordered branches to stay open so that customers are not inconvenienced.","https://static.toiimg.com/thumb/msid-134526414,imgsize-65566,width-400,height-225,resizemode-4/bank-unions-call-off-three-day-strike-after-iba-agrees-to-examine-demands-including-a-five-day-work-week.jpg"
"Stock market crash today: BSE Sensex crashes over 1,100 points, investors lose Rs 8.92 lakh crore - top reasons for fall",https://timesofindia.indiatimes.com/business/india-business/stock-market-crash-today-why-bse-sensex-and-nifty50-have-crashed-on-september-28-2026-us-iran-war-crude-oil-rupee-top-reasons-for-fall/articleshow/134532562.cms,"Both indices crashed over 1% amid the intensifying Iran-US conflict.

Why is stock market crashing today?

Iran-US conflict escalates

Oil prices jump

Bond yields soar

Rupee tumbles

FII outflows

(Disclaimer: Recommendations and views on the stock market, or any other asset classes or personal finance management tips given by experts and analysts are their own. These opinions do not represent the views of The Times of India.)

Stock market crash today: BSE Sensex and Nifty50 , the Indian equity benchmarks tanked in morning trade on Monday as persistently high crude oil prices and a spike in US bond yields added to investors’ woes. Both indices crashed over 1% amid the intensifying Iran-US conflict.While Sensex crashed over 1,100 points, Nifty50 went below 22,800. At 3:29 PM, Nifty50 was trading at 22,788.25, down 352 points or 1.52%. BSE Sensex was at 72,805.78, down 1,090 points or 1.47%.The selloff also erased nearly Rs 8.92 lakh crore from the combined market capitalisation of BSE-listed companies, taking it down to around Rs 474 lakh crore.Also Read | Two years ago Sensex hit lifetime high: What went wrong after that & what’s the road ahead? Every one of the 30 Sensex stocks was trading in negative territory. Bajaj Finance, Kotak Mahindra Bank and HDFC Bank led the decline. The weakness was not restricted to large-cap stocks. The Nifty Smallcap 100 and Nifty Midcap 100 indices also declined by more than 1% each.Indian equities were also tracking the broader weakness across several Asian markets, where stocks came under pressure amid the surge in oil prices.South Korea’s Kospi declined more than 2%, while China’s Shanghai Composite dropped over 1.7%. Japan’s Nikkei, however, posted muted gains.Tensions between Iran and the US intensified after US President Donald Trump rejected Iran's proposal for a seven-day ceasefire along with the reopening of the Strait of Hormuz.Speaking to reporters on Saturday, Trump said, ""I reject this agreement. They want an agreement to be made under which the Strait of Hormuz is immediately opened, because they are severely failing.”Iranian President Masoud Pezeshkian, meanwhile, said the country would remain firm and would not back down in the face of the US and Israel.The latest developments in the Middle East triggered another sharp rise in crude prices, with oil gaining 2% and moving close to $107 per barrel as markets factored in the possibility of further disruption to shipments. JPMorgan said it could no longer clearly assess where oil prices were headed and, for the first time since the Iran war began in February, said it did not have a defined baseline scenario for the market.US bond yields continued their climb, reaching fresh multi-year highs and adding another layer of pressure on equities. The yield on the benchmark US 10-year Treasury note moved further above 5.2%, its highest level since 2004. The 30-year US bond yield also crossed 5.5%, while the yield on two-year Treasury notes, which generally moves alongside expectations of Federal Reserve rate hikes, rose above 4.9%.Higher bond yields generally increase the attractiveness of debt markets for investors, which can put additional pressure on riskier assets such as equities.The Indian rupee weakened by 14 paise to 95.89 against the US dollar in early trading. Forex traders are increasingly concerned about the currency breaching the psychologically important 96 level against the dollar, with the rupee facing pressure from elevated oil prices, higher US Treasury yields and a stronger dollar.“Volatility in crude and gold, along with a rise in the dollar, limited the rupee’s ability to sustain gains. Going ahead, currency movement is likely to remain range-bound amid global commodity and dollar volatility. Rupee range can be seen between 95.50-96.50,” said Jateen Trivedi, VP Research Analyst - Commodity and Currency, LKP Securities.Foreign investors continued to sell Indian equities on Friday, offloading shares worth a net Rs 3,694 crore, according to provisional NSE data.VK Vijayakumar, Chief Investment Strategist at Geojit Investments, said the shift in FPI flows towards the negative side after positive inflows in July and August had become visible earlier this month. He said the selling trend has continued, with total equity outflows through exchanges reaching Rs 25,682 crore so far this month.",BSE Sensex and Nifty50 crashed over 1% amid the intensifying Iran-US conflict. Selloff erased nearly Rs 8.92 lakh crore from the combined market capitalisation of BSE-listed companies. Every one of the 30 Sensex stocks was trading in negative territory.,"https://static.toiimg.com/thumb/msid-134532699,imgsize-832537,width-400,height-225,resizemode-4/stock-market-crash.jpg"
"Stock market live updates today: BSE Sensex tumbles over 1,000 points, NSE Nifty50 trades below 22,900",https://timesofindia.indiatimes.com/business/india-business/stock-market-live-updates-today-bse-sensex-tumbles-over-600-points-nse-nifty50-opens-below-23000/articleshow/134531143.cms,"Bloodbath at Dalal Street

Also read |

Top laggards on BSE Sensex today:

Stock Price Change Bajfinance 979.20 -1.59% Kotakbank 397.00 -1.59% Hdfcbank 725.10 -1.45% Bajajfinsv 1,744.80 -1.37% M&M 2,991.90 -1.30% Hindunilvr 1,915.00 -1.29% Lt 3,830.40 -1.25% Bel 388.15 -1.23% Titan 4,824.05 -1.13% Eternal 331.20 -1.08%

Bloodbath at D-Street: Indices continue to crash

Also read |

(Disclaimer: Recommendations and views on the

stock market

, other asset classes or personal finance management tips given by experts are their own. These opinions do not represent the views of The Times of India)

Dalal Street began the week on a negative note, with BSE Sensex tumbling over 1% and NSE Nifty50 trading below the 22,900 mark. The sharp decline came as investors assessed rising crude oil prices, geopolitical cues and continued foreign selling.BSE Sensex fell to 72,892.63, down 1003.11 points or 1.36%, while NSE Nifty50 plunged to 22,863.30, down 313.00 points or 1.35%.GIFT Nifty futures were trading at 23,100, down 88.5 points or 0.38%, signalling a muted opening for the Nifty50. The cautious tone comes after the benchmark indices recorded seven consecutive sessions of losses, falling nearly 6%. Sensex and Nifty50 had already ended the previous week on a negative note, falling 399.22 points and 205.9 points, respectively.The market rout wiped out almost Rs 6 lakh crore off the value of BSE-listed firms, whose combined market capitalisation stood at around Rs 476 lakh crore.Around 9:30 am, all 30 Sensex constituents were trading in the red, dragging the benchmark lower.Crude oil prices remained a key factor driving the benchmarks. Brent crude futures rose 1.5% to around $106 a barrel, while Asian markets declined 0.2%.Oil prices have remained volatile since late February, when the US and Israel launched joint strikes on Iran, triggering a war in the Middle East.Disruptions in the Strait of Hormuz have also continued for the seventh consecutive month. The latest rise in crude prices came amid a stalemate in US-Iran peace talks.Earlier, US President Donald Trump rejected an Iranian proposal to reopen the Strait of Hormuz and end the confict. Meanwhile, Iran, maintained that diplomacy was the only way to resolve its conflict with the United States and Israel.The movement in crude prices remains particularly important for India, the world’s third-largest crude importer. A sustained rise in oil prices can raise the country’s import bill, fuel inflation and put pressure on corporate margins.Rupee also continues to face renewed pressure, falling 20 paise against US dollar as the greenback continues to see support.At the same time, foreign investor selling has also continued to weigh down domestic equities. Provisional data showed foreign investors were net sellers of Indian shares worth 36.94 billion rupees ($385.54 million) on Friday.Their selling in September has so far reached $1.8 billion, taking their total selling for the year to $25.86 billion.""Globally, developments around US-Iran diplomacy and crude oil prices will remain critical. Any progress on a framework for reopening the Strait of Hormuz could ease energy prices and provide some relief to India's import bill and the rupee, while renewed geopolitical tensions could keep volatility elevated,"" Ajit Mishra, SVP – Research, Religare Broking, said.On the domestic front, Mishra said industrial production data for August and the HSBC manufacturing PMI reading would be released during the week. Market participants will also closely monitor foreign institutional investor (FII) activity and the upcoming monthly auto sales figures.Global bond yields are also expected to remain in focus following the Federal Reserve’s September policy decision.Ponmudi added that a series of economic data releases from the US would also be important for global risk sentiment. On the global front, US consumer confidence, JOLTS job openings and the eurozone’s September inflation cluster will be watched for signals on expectations around the global rate cycle.","BSE Sensex fell to 72,892.63, down 1003.11 points or 1.36%. NSE Nifty50 plunged to 22,863.30, down 313.00 points or1.35%. Nifty futures were trading at 23,100, down 88.5 points or 0.38%.","https://static.toiimg.com/thumb/msid-134531943,imgsize-149188,width-400,height-225,resizemode-4/bloodbath-at-dalal-street.jpg"
Watch: Tamil Nadu CM Vijay launches one-gram gold ring scheme for newborns,https://timesofindia.indiatimes.com/india/tamil-nadu-cm-vijay-to-launch-one-gram-gold-ring-scheme-for-newborns-today/articleshow/134532390.cms,"Vijay presented 22-carat, one-gram gold rings to 25 newborns. (PTI)

Who is eligible for the gold ring?

Scheme draws on Tamil tradition

Join conversation View All Comments → Share your thoughts in the comments Insightful Agree Disagree Skeptical Concerning Promising Worth Reading Big Development Post Comment Be respectful · TOI community guidelines

NEW DELHI: Tamil Nadu chief minister C Joseph Vijay on Monday rolled out the state government’s one-gram gold ring scheme for newborns in Madurai. He also held some of the newborns and presented the rings to beneficiaries during the launch programme.Under the scheme, eligible babies born in government hospitals and government primary health centres will receive a 22-carat, one-gram gold ring.The initiative, named the Maternal Uncle Gold Ring Scheme (Thaaimaman Thanga Mothiram Thittam), has an annual allocation of Rs 755.83 crore.It is aimed at celebrating motherhood, promoting maternal and child health and encouraging institutional deliveries by increasing public confidence in government healthcare facilities.The scheme will cover babies born on or after June 22, 2026, to mothers who are permanent residents of Tamil Nadu and have delivered at government healthcare institutions.Mothers must be registered under the Pregnancy and Infant Cohort Monitoring and Evaluation (PICME) system and have a Reproductive and Child Health (RCH) ID. They will also have to provide an e-KYC-verified Aadhaar card along with one of the prescribed identity or residence documents.These include ration cards, voter identity cards, Labour Welfare Board identity cards, Department of Posts address cards and nativity certificates.The state government has already procured 1.28 lakh one-gram gold rings for the initial rollout. Each ring will have a unique serial number and will be packed in tamper-proof packaging.From Monday, babies born in government hospitals will receive the rings at the time of discharge, according to the state government.To clear the backlog of eligible babies born between June 22 and Monday, the government will distribute the rings through 107 hubs across Tamil Nadu.Distribution will begin at the rate of 100 babies per day at each hub. At designated centres, 25 beneficiaries will be accommodated in the morning and another 25 in the afternoon to avoid overcrowding, PTI reported.Village Health Nurses will distribute invitations informing beneficiaries of their allotted date and time. Beneficiaries have been asked to visit the designated centres only at the time mentioned in their invitations.The district administration has also made transportation arrangements for beneficiaries from their respective areas. Vijay had announced the scheme ahead of the April 23 Assembly election as a symbolic gift to newborns, drawing on the Tamil tradition of ‘Thaimaaman Seer’. The scheme has retrospective effect from June 22, Vijay’s birthday.A government order issued on June 23 described the initiative as a token celebrating the birth of a child, motherhood and the cultural tradition of ‘Thaimaaman’.According to ANI, Tamil Nadu minister Arun Raj explained the cultural significance of the initiative saying, ""A maternal uncle is someone who is among the first to rush in when a child is born, sharing in his sister’s happiness as his own. He assures her that he will always stand by her and her child, offering love, support and a sense of security.""""Today, the Tamil Nadu Government, under the leadership of our brother, Mr. Vijay, is embracing this sacred bond of the maternal uncle and, as a gesture of that affection, is set to provide a one-gram gold ring to every child born in government hospitals. When the scheme was announced and the question arose as to where it should be launched, the place chosen by our Chief Minister was Madurai. This is the sacred soil of Madurai, blessed with the compassion and grace of Mother Meenakshi,"" he added.Tamil Nadu records around 7.8 lakh deliveries annually, with institutional deliveries accounting for 99.9% of births, according to NFHS-6. Government health facilities account for nearly 4.2 lakh deliveries, or around 53% of the total.According to the state government, the average out-of-pocket expenditure for a delivery at a government hospital is Rs 1,364, compared with Rs 63,473 at a private hospital.The government said the scheme is intended to encourage safe institutional deliveries, strengthen maternal and child welfare and increase public trust in government healthcare services.The Tamil Nadu Medical Services Corporation will procure the gold rings based on annual requirements, while a project and programme management unit will oversee implementation and monitoring.","Tamil Nadu chief minister C Joseph Vijay on Monday rolled out the state government’s one-gram gold ring scheme for newborns in Madurai. The scheme will cover babies born on or after June 22, 2026, to mothers who are permanent residents of Tamil Nadu and have delivered at government healthcare institutions. Vijay had announced the scheme ahead of the April 23 Assembly election.","https://static.toiimg.com/thumb/msid-134536862,imgsize-98055,width-400,height-225,resizemode-4/vijay.jpg"
"Balakot to Sindoor, India gave befitting reply: PM Modi on Pakistan terror",https://timesofindia.indiatimes.com/india/balakot-to-sindoor-india-gave-befitting-reply-pm-modi-on-pakistan-terror/articleshow/134529110.cms,"PM Modi’s stern message to Pakistan: ‘Time for sponsoring terror to go unpunished is long gone’

'Zero-tolerance terror policy has borne results'

Join conversation View All Comments → Share your thoughts in the comments Insightful Agree Disagree Skeptical Concerning Promising Worth Reading Big Development Post Comment Be respectful · TOI community guidelines

NEW DELHI: In a stern message to Pakistan, PM Modi said on Sunday the time when its role in sponsoring terror attacks on India would go unpunished is long gone, and his govt has made it clear with its actions, including Op Sindoor, that terrorists will be given a befitting response for their sinister designs against India.Modi's message came in his 'Mann ki Baat' broadcast as India marks the 10th anniversary of the surgical strikes on terror hideouts in Pakistan on Sept 28-29, 2016. ""The world was astonished to see the manner in which our brave soldiers crossed the LoC to take action against terror. The strike demonstrated a new aspect of India's counter-terror policy. It was our decisive response to long-standing pain India had endured,"" he said.""Over the past decade, from Balakot airstrike to Op Sindoor, India has repeatedly sent out a clear message: if terrorists dare to cast an evil eye on India, they will be met with a befitting response.""Contrasting his government's targeted action against Pakistan to the approach of the previous Congress-led UPA govt, PM Narendra Modi said serial blasts had once become a common occurrence in the country. On Sept 13, 2008, serial blasts rocked Delhi and, just a few weeks later, the Mumbai terror attack stunned the country, the PM said.Demands for action against Pakistan following every terror attack used to be made then but were ignored. ""Today, India pursues a zero-tolerance policy against terrorism, and we are witnessing the results of that,"" he said.During Op Sindoor, the Modi govt also unveiled a tougher national security doctrine, declaring that any future terror attack will be treated as an act of war. This eliminated the false distinction between terrorists and their state sponsors, it had said.Modi's message to Pakistan comes at a time when the nation is trying to airbrush its long association with terror incidents around the world, reflected in its PM Shehbaz Sharif's recent claims at the United Nations General Assembly about its role and sacrifices in combating terrorism.In his UNGA address, foreign minister S Jaishankar had snubbed Pakistan, calling it a ""serial practitioner of terrorism"" and asserting that India will continue to exercise its right to defend itself against terror threats.","Modi's message came in his 'Mann ki Baat' broadcast as India marks the 10th anniversary of the surgical strikes on terror hideouts in Pakistan on Sept 28-29, 2016. ""The world was astonished to see the manner in which our brave soldiers crossed the LoC to take action against terror,"" he said.","https://static.toiimg.com/thumb/msid-134529126,imgsize-84728,width-400,height-225,resizemode-4/pm-modis-stern-message-to-pakistan.jpg"
"Watch: Landslide blocks Kedarnath route in Rudraprayag’s Chirbasa, over 1,500 pilgrims evacuated",https://timesofindia.indiatimes.com/india/watch-landslide-blocks-kedarnath-route-in-rudraprayags-chirbasa-over-1200-pilgrims-evacuated/articleshow/134531624.cms,"Kedarnath route blocked by landslide in Rudraprayag's Chirbasa village

Join conversation View All Comments → Share your thoughts in the comments Insightful Agree Disagree Skeptical Concerning Promising Worth Reading Big Development Post Comment Be respectful · TOI community guidelines

Pilgrims carefully evacuated from landslide zone

Joint teams complete rescue operation

NEW DELHI: Around 1,500 pilgrims stranded on the Kedarnath route near Chirbasa were safely rescued and escorted to Gaurikund after a landslide blocked the route late Sunday night, officials said.The pilgrims were stranded around three kilometres from Gaurikund after a landslide hit the route near Chirbasa, news agency ANI reported.The Rudraprayag District Control Room (DCR) informed Sonprayag Police about the situation late on September 27, following which the SDRF Sonprayag team, led by Sub-Inspector Ashish Dimri, rushed to the spot.Prioritising the safety of the pilgrims, the rescue teams carefully assisted them across the affected stretch. Around 1,500 pilgrims were brought safely to the other side of the landslide zone and escorted towards Gaurikund.The operation was carried out despite continued rockfall and the risk of further landslides in the area. Rescue personnel coordinated the movement of pilgrims to ensure they crossed the dangerous stretch safely.The coordinated efforts of the SDRF, NDRF and DDRF helped ensure that all the stranded pilgrims were safely evacuated from the affected area.Officials said the rescue operation was successfully completed despite the challenging conditions at the site.","Around 1,500 pilgrims stranded on the Kedarnath route near Chirbasa were safely rescued. The pilgrims were stranded around three kilometres from Gaurikund after a landslide hit the route. Rescue personnel coordinated the movement of pilgrims to ensure they crossed the dangerous stretch.","https://static.toiimg.com/thumb/msid-134532905,imgsize-8690239,width-400,height-225,resizemode-4/kedarnath-route-blocked-by-landslide-in-rudraprayags-chirbasa-village.jpg"
"Why are gold prices crashing today? MCX Gold down Rs 3,200/10 grams, plunges over 2% - top reasons for fall",https://timesofindia.indiatimes.com/business/india-business/gold-price-crash-today-on-september-28-2026-yellow-metal-plunges-mcx-gold-mcx-silver-top-reasons-for-fall/articleshow/134532808.cms,"Gold remains under pressure as both bond yields and crude oil prices moved higher.

Why is gold crashing today?

What’s the outlook?

How should you trade gold?

(Disclaimer: Recommendations and views on the stock market, or any other asset classes or personal finance management tips given by experts and analysts are their own. These opinions do not represent the views of The Times of India.)

Gold price crash today: The start of the week saw both the precious metals, MCX Gold and MCX Silver, crash on Monday as the rise in oil prices fuelled inflation worries and increased expectations that the US Federal Reserve could raise interest rates further.On the domestic bourse, MCX silver futures for September 2026 delivery fell Rs 6,661 to Rs 2,28,035 per kg. Gold futures for October 2026 delivery declined Rs 3,214 to Rs 1,47,667 per 10 grams.In international markets, spot gold was down 1.5% at $4,223.95 per ounce as of 0117 GMT, while US gold futures declined 1.5% to $4,257.90.Other precious metals also traded lower. Spot silver fell 2.6% to $62.64 per ounce, platinum declined 2.1% to $1,741.45 and palladium dropped 2.1% to $1,239.95.Gold remains under pressure as both bond yields and crude oil prices moved higher. The increase in oil prices, driven by mixed indications on supply flows, kept inflation risks firmly in focus among investors.Iran said diplomacy remained the only route to resolving its conflict with the United States and Israel. This came after US President Donald Trump said he had rejected an Iranian proposal to reopen the Strait of Hormuz and bring the fighting to an end.Oil prices later recovered more than 1%.According to experts, the primary reason for prices falling sharply is the rise in US bond yields.Ashish Rajodiya, Head – Commodities, PL Capital says, “MCX Gold (December contract) is trading at Rs 1,50,500 per 10 grams, down Rs 2,700 or 1.80% today, extending its slide for a second straight week. The pressure is coming from a sharp US Treasury bond selloff - the 10-year yield at 5.13%, its highest since 2007, and the 30-year at 5.44%, its highest since 2004.”CME FedWatch data indicates that markets are now pricing a 68.1% probability of another 25 basis points rate hike by the US Federal Reserve in its October-end meeting. Earlier, the odds were just 31.9%.“Elevated crude prices, rather than boosting gold's safe-haven appeal as they typically would during geopolitical stress, are instead reinforcing the case for further Fed tightening, feeding a stronger dollar and steeper yield curve that both work against non-yielding bullion,” he says.Jateen Trivedi, VP Research Analyst - Commodity and Currency, LKP Securities explains, “Global commodities are trading under pressure, with precious metals under sharp pressure as crude remains firm. Uncertainty around the US-Iran conflict continues to keep risk sentiment volatile. Recent diplomatic efforts have produced mixed signals, with Iran indicating readiness for both negotiations and renewed conflict, while the US has rejected Iran’s latest proposal, although further talks through mediators remain possible. ”“Gold is trading at $4185, down more than 2.%, and it is facing sharp selling pressure as geopolitical uncertainty, a firm Dollar and higher bond yields with 5.22% on 10yrs weigh on bullion as higher probability of rate hike prices in. The lack of clarity over a potential US-Iran settlement is keeping safe-haven demand volatile,” he adds.Ashish Rajodiya is of the view that gold prices have support at Rs 1,48,000 and Rs 1,46,000, with resistance at Rs 1,52,500 and Rs 1,55,000.“The metal's next move likely hinges on two threads converging at once: the Fed's October rate decision, and whether the recent signs of renewed US-Iran diplomatic engagement on Hormuz firm up into an actual de-escalation,” he says.“A dovish surprise from the Fed or confirmed progress on Iran talks could spark a sharp bounce toward resistance, while continued hawkish signals or a stalled Iran negotiation would likely extend the slide toward the lower support band,” he adds.Manoj Kumar Jain of Prithvi Finmart expects gold and silver to see continued volatility this week as traders track movements in crude oil prices and the dollar index, along with geopolitical tensions and developments in the US-Iran peace talks.For gold, he sees support at $4,284-4,260 per troy ounce, with resistance placed at $4,355-4,388. In silver, support is at $63.80-63.00 per troy ounce, while resistance stands at $65.50-66.60.On the MCX, Jain has identified support for gold at Rs 1,50,150-1,49,600 and resistance at Rs 1,51,400-1,52,000. For silver, his support levels are Rs 2,33,000-2,30,400, with resistance at Rs 2,36,600-2,38,800.Jain told ET that investors should wait for further developments in the US-Iran peace talks before initiating fresh positions in gold and silver. For those already holding long positions, he recommended keeping a strict stop-loss below Rs 1,49,600 for gold and below Rs 2,30,000 for silver, based on daily closing levels.","MCX Gold (December contract) is trading at Rs 1,50,500 per 10 grams, down Rs 2,700 or 1.80% today. Spot gold was down 1.5% at $4,223.95 per ounce as of 0117 GMT. On the domestic bourse, MCX silver futures for September 2026 delivery fell Rs 6,661 to £2,28,035 per kg.","https://static.toiimg.com/thumb/msid-134533143,imgsize-621720,width-400,height-225,resizemode-4/gold-price-crash.jpg"
"Stone pelting, tear gas and clashes with police: Why Ujjain is on the boil",https://timesofindia.indiatimes.com/india/stone-pelting-tear-gas-and-clashes-with-police-what-is-happening-in-ujjain/articleshow/134533064.cms,"The demolition is part of a larger road-widening exercise in Ujjain.

What happened at the site

City Qazi appeals for peace

Road widening for Simhastha

Join conversation View All Comments → Share your thoughts in the comments Insightful Agree Disagree Skeptical Concerning Promising Worth Reading Big Development Post Comment Be respectful · TOI community guidelines

Ujjain prepares for 2028 gathering

NEW DELHI: Tensions rose in Ujjain on Monday as protesters clashed with police during demonstrations over development work in the city. Police were deployed in large numbers around the Shahi Masjid Complex as sporadic protests and stone pelting were reported in the area.The clashes erupted after the demolition of a portion of the Shahi Masjid as part of a road-widening project. The work is linked to preparations for the Simhastha Kumbh Mela in 2028, with authorities planning a major infrastructure overhaul ahead of the religious gathering.Police used tear gas shells to control a crowd in the city as stone pelting occurred when a large group of people clashed with them at the spot where a portion of Shahi Masjid was planned to be demolished.Rapid Action Force (RAF) personnel has been deployed at the spot.SP Pradeep Sharma said: ""Police personnel present at the scene responded by using tear gas and mild force to disperse the crowd. Leaders from the Muslim community are also issuing video messages urging calm.""""All communities and sections of society are continuously extending their cooperation and support in their respective areas. Even today, the demolition work, initiated by the mosque committee itself, is underway at the Shahi Masjid.As a precautionary measure, a full security perimeter has been established, and entry is prohibited for everyone. However, certain miscreants attempted to create a disturbance and resorted to stone-pelting. The police personnel present at the scene responded by using tear gas and mild force to disperse the crowd,"" he said.Sharma said the cops utilised tear gas to manage the situation and that ""entire area is being monitored via CCTV and drones"".The officer futher said: ""We will now identify the perpetrators using CCTV and drone footage and register FIRs against those found involved. An attempt to block the road was also made by some women; however, after being counseled and shown video footage of the situation, they withdrew the blockade. The road is open. I appeal to everyone to please cooperate; if anyone engages in such activities, strict action will be taken against them. As you can all see, this entire undertaking is being carried out by the committee itself, with everyone's consent.""Protesters tried to move through narrow lanes towards the area, with some women seen being pushed forward as the crowd attempted to proceed. Stones were also thrown at police personnel deployed to maintain order.The situation remained tense as security forces stayed at the spot to prevent further escalation.Congress MP Imran Pratapgarhi, meanwhile, criticised the demolition and urged the Madhya Pradesh government to take public sentiment into account.""The administrative efforts to demolish the Ujjain Shahi Masjid under the pretext of road widening should be a bit more sensitive. Demolishing a 600-year-old heritage site just for road widening and development in the name of progress is the height of hatred. It has come to my notice that when the matter is pending in court, what message does the administration intend to send by repeatedly laying siege to the masjid? Thousands of youth in Ujjain are continuously raising their voices on this issue. My request to the Ujjain administration is to respect public sentiments and acquire the necessary land for road widening from the other side. Demolishing such a historically significant heritage site cannot be considered a normal event under any circumstances,"" the Congress MP said.Qazi Khaliqur Rahman appealed to members of the Muslim community to maintain peace and urged them not to gather unnecessarily in markets or venture towards market areas.In a statement, the City Qazi urged people not to pay heed to rumours and remain inside their homes, maintaining that the issue concerning the mosque had already been resolved during the night.“The members of the community are informed not to stand unnecessarily in the markets or go towards the market areas. The issue related to the mosque was resolved during the night itself. There is no such matter that requires anyone to come out,” he said.The demolition is part of a larger road-widening exercise in Ujjain. Authorities have identified 272 structures for demolition as preparations intensify for the 2028 Simhastha gathering.Earlier, chief minister Mohan Yadav had participated in demolition work at his ancestral home. He said giving up the property had been emotionally difficult but was necessary for the wider development project.""This is the place where I grew up, playing and running around, and now I am stepping forward to dismantle it with my own hands. It certainly has an emotional impact. However, if it is necessary for the administration and essential for the Simhastha, then this sacrifice must be made. I am satisfied that we are all doing this together,"" he said.Yadav said his decision was also intended to encourage other residents affected by the project to cooperate with the administration.""The entire state and the country are watching this. People are demolishing their homes willingly and happily, dedicating themselves to the cause so that others may benefit greatly,"" he said.Ujjain Municipal Corporation chairperson Kalawati Yadav said preparations for Simhastha include several major infrastructure projects. The event is held once every 12 years on the banks of the Shipra River and is expected to draw millions of devotees.""In 2028, Ujjain will host the Simhastha Mela, one of the world's largest spiritual gatherings, held every 12 years on the banks of the Shipra River. Extensive preparations are underway, including around 29 kilometres of new ghats, a diversion project, dams and other infrastructure works to improve the city. With millions of devotees expected, road widening has become essential,"" she said.The road-widening project is part of the wider redevelopment plan aimed at improving Ujjain's infrastructure and handling the expected influx of pilgrims during the 2028 Simhastha Mela.",Police used tear gas shells to control a crowd in the city as stone pelting occurred. The clashes erupted after the demolition of a portion of the Shahi Masjid as part of a road-widening project. The work is linked to preparations for the Simhastha Kumbh Mela in 2028.,"https://static.toiimg.com/thumb/msid-134533713,imgsize-267764,width-400,height-225,resizemode-4/stone-pelting-in-mps-ujjain.jpg"
'Medical fraternity cannot be touched': SC cancels Shiv Sena corporator Ramesh Mhatre's bail in doctor assault case,https://timesofindia.indiatimes.com/india/supreme-court-cancels-shiv-sena-corporator-ramesh-mhatres-bail-in-doctor-assault-case/articleshow/134534482.cms,"SC cancels Mhatre’s bail in doctor assault case, stays Bombay HC order

Join conversation View All Comments → Share your thoughts in the comments Insightful Agree Disagree Skeptical Concerning Promising Worth Reading Big Development Post Comment Be respectful · TOI community guidelines

The Supreme Court has cancelled the bail granted by the Bombay High Court to Shiv Sena corporator Ramesh Mhatre, who is accused of assaulting a doctor at a civic hospital. The court also stayed the High Court order granting him bail on a plea filed by the Maharashtra government.While cancelling Mhatre’s bail, the Supreme Court said the message should go “loud and clear” that the medical fraternity cannot be touched.A court in Maharashtra had framed charges against Shiv Sena corporator Ramesh Mhatre and four others over the assault of doctors, including a female doctor, and nurses at Dombivli’s Shastri Nagar Municipal Hospital following a dispute over the treatment of a pregnant woman on July 6.Mhatre, along with Pramod Nikam, Ramesh Pawar, Akshay Karande and Sadhana Karande, appeared before Fast-Track Court Judge N P Vasade two days after police filed a 1,832-page chargesheet in the case.The accused have been charged under various provisions of the Bharatiya Nyaya Sanhita relating to assault and causing hurt, assaulting or obstructing a public servant, unlawful assembly and rioting, common intention, criminal intimidation and intentional insult, besides offences relating to the dignity or modesty of a woman.They have also been booked under Sections 3 and 4 of the Maharashtra Medical Practitioners Act and Sections 37(1)(3) and 135 of the Maharashtra Police Act for allegedly violating orders imposed to maintain public order.Mhatre had been staying in Goa after the Bombay High Court granted him conditional bail in August. The High Court had directed him to remain outside Maharashtra until the chargesheet was filed and ordered that the trial be fast-tracked for completion within three months.After the chargesheet was filed, the condition ceased to operate, following which Mhatre returned to his residence and appeared before the court earlier this month.","SC cancels Mhatre’s bail in doctor assault case, stays Bombay HC order. Shiv Sena corporator is accused of assaulting a doctor at a civic hospital. The court also stayed the High Court order granting him bail on a plea filed by the Maharashtra government.","https://static.toiimg.com/thumb/msid-134534546,imgsize-106092,width-400,height-225,resizemode-4/file-photo.jpg"
"SIR row: Nadda backs EC, sends message to Rahul Gandhi and opposition",https://timesofindia.indiatimes.com/india/sir-row-nadda-backs-ec-sends-message-to-rahul-gandhi-and-opposition/articleshow/134532932.cms,"Nadda​ accused the oppn of repeatedly raising allegations despite responses from the Election Commission.

Kharge demands CEC's resignation

Rahul Gandhi's allegations over SIR

Join conversation View All Comments → Share your thoughts in the comments Insightful Agree Disagree Skeptical Concerning Promising Worth Reading Big Development Post Comment Be respectful · TOI community guidelines

NEW DELHI: Union minister JP Nadda on Monday attacked the opposition and leader of opposition in Lok Sabha Rahul Gandhi over the SIR row surrounding the Election Commission , saying, “repeating a lie a hundred times does not make it the truth”.Nadda also targeted Aam Aadmi Party chief Arvind Kejriwal, Samajwadi Party chief Akhilesh Yadav and former West Bengal chief minister Mamata Banerjee, accusing them of attempting to “malign and weaken” the country's autonomous and constitutional institutions.Speaking to reporters, Nadda took a direct aim at the Congress leader saying, “Rahul Gandhi, listen carefully: repeating a lie a hundred times does not make it the truth; the truth cannot be defeated.”“For Rahul Gandhi, Arvind Kejriwal, Akhilesh Yadav, and Mamata Banerjee, the sole agenda has become to malign and weaken the nation's autonomous and constitutional institutions. This is the same 'toolkit mentality' that hatches a new conspiracy every morning to stall the country's development: level allegations, disrupt the national atmosphere, and flee. This has become the opposition's modus operandi,” he said.“They care nothing for national security, public welfare, or the country's honor and prestige. Their only objective is to seize power, not to serve the people, but to nurture dynastic politics and reap personal benefits... The public has taught a befitting lesson to the forces seeking to create instability in the country in the past, and in the future too; every delusion and conspiracy of theirs will be shattered in the court of the people,” he added.Nadda further accused the opposition of continuing to raise allegations despite the Election Commission’s responses, saying it was attempting to create confusion and disrupt the atmosphere in the country.“Today, as the nation realizes the resolve of a 'Viksit Bharat' (Developed India) through the tireless efforts of its 1.4 billion citizens, and as India’s influence resonates across the global stage, the Congress and the entire 'INDI Alliance' are, unfortunately, frustrated and despondent at this progress..."" Nadda said.""Lacking policies and a vision, they are now devising new ploys to spread confusion and anarchy across the country. We all witnessed the uproar created nationwide just a few days ago over a fabricated story. Now, even after the Election Commission has exposed every lie they propagated, they are once again attempting to vitiate the atmosphere,” Nadda added.He alleged that Rahul and Kejriwal “make allegations and walk away; they have nothing to do with public interest.”The Union minister further accused the opposition of attempting to create confusion and disturb the atmosphere in the country despite lacking “intent and vision”.“We saw a few days ago how an attempt was made to disturb the atmosphere across the country on the basis of a fabricated news report. Now, even after all members of the Election Commission have responded to their allegations, they are once again engaged in efforts to vitiate the atmosphere in the country,” Nadda said.Nadda also contrasted the BJP 's approach to power with that of the opposition, saying, “For BJP, power is a means to serve the interests of 140 crore people.”He said the BJP's objective was to serve citizens and fulfil its commitment to Antyodaya, while accusing the Opposition of seeking power for dynastic politics and its own interests.Nadda's remarks came after Congress president Mallikarjun Kharge and other leaders demanded the resignation of CEC Gyanesh Kumar and alleged that he was propagating the BJP's philosophy.“They will say like this only, but their own people have exposed them, and their own people are telling. Even a Chief Secretary of Kerala says, our CEC himself told him to contest the election. It means that a person who is in the highest position is propagating the BJP’s philosophy, and he has become a BJP worker. So it is clear. There is nothing. He should resign. If he has got any little moral right, he should resign from that post. And afterwards, we have to take action against him, even after resignation,” Kharge said.“I have called a working committee meeting for tomorrow, and there we'll discuss; all the working committee members will give their suggestions. And we are going to fight seriously. This issue concerns the entire country, the existence of our democracy, and the country's survival. That's why we are very serious about this issue. We'll fight, and we'll see that,” he added.The political row comes amid opposition criticism of the Election Commission's handling of the Special Intensive Revision (SIR) of electoral rolls.Rahul Gandhi had earlier alleged that the 2024 Lok Sabha and assembly elections were “all rigged” and demanded the immediate resignation of Gyanesh Kumar.He also accused the CEC of “match-fixing elections”, citing a news channel report claiming that Kumar had approached former Kerala chief secretary Jiji Thomson to contest the 2026 Assembly elections on a BJP ticket.The Election Commission, meanwhile, clarified that a letter sent to the Cabinet Secretary that had drawn scrutiny related to the functioning of an officer on deputation to the poll body and not to any policy matter.The row also follows an Indian Express report that Election Commissioners Sukhbir Singh Sandhu and Vivek Joshi raised objections at least 14 times over 10 months on decisions and orders related to SIR and other electoral matters. The reported objections included issues concerning Form 6, voter deletions and access to electoral-roll databases.The poll body rejected the suggestion that these objections amounted to institutional dissent over final decisions, saying operational queries, inputs and suggestions raised during the draft stage were part of its standard administrative and decision-making process.The Election Commission maintained that all decisions taken by it, including those related to SIR, were unanimous and had the approval of all three commissioners, PTI reported.Opposition parties, including the Congress, CPI, CPI(M), Trinamool Congress and Shiv Sena (UBT), have demanded Kumar's resignation.Meanwhile, CPI(ML) Liberation general secretary Dipankar Bhattacharya said an INDIA bloc meeting is expected on September 30 to discuss the SIR exercise and the functioning of the Election Commission.","Union minister JP Nadda on Monday attacked the opposition and leader of opposition in Lok Sabha Rahul Gandhi over the SIR row. He said, “repeating a lie a hundred times does not make it the truth; the truth cannot be defeated” He accused the opposition of attempting to create confusion and disturb the atmosphere in the country despite lacking “intent and vision”","https://static.toiimg.com/thumb/msid-134534302,imgsize-98430,width-400,height-225,resizemode-4/jp-nadda.jpg"
Brij Bhushan acquittal challenged over ‘stereotypical assumptions’ about sexual assault victims,https://timesofindia.indiatimes.com/india/brij-bhushan-acquittal-challenged-over-stereotypical-assumptions-about-sexual-assault-victims/articleshow/134533628.cms,"Wrestlers challenge acquittal, cite ‘stereotypical assumptions’

Join conversation View All Comments → Share your thoughts in the comments Insightful Agree Disagree Skeptical Concerning Promising Worth Reading Big Development Post Comment Be respectful · TOI community guidelines

NEW DELHI: The Rouse Avenue court has issued notice to former Wrestling Federation of India (WFI) chief Brij Bhushan Sharan Singh and others on an appeal challenging his acquittal in a sexual harassment case involving women wrestlers.Special Judge Dig Vinay Singh sought a response to the appeal and listed the matter for hearing on October 9. The court also directed that the original affidavit and orders containing the names of the victims be placed in a sealed envelope. It further directed the appellant to file a copy of the petition with the victims’ names redacted.The appeal challenges the August 3 order of the Rouse Avenue court, Brij Bhushan and Vinod Tomar in the case. The wrestlers have contended that the acquittal order is unsustainable in law and is based on a “manifestly erroneous and selective appreciation of the evidence on record”.The appeal has contended that the impugned order proceeds on conjectures and surmises, fails to apply binding and well-settled principles of law, and, in material part, rests its reasoning on “archaic and stereotypical assumptions” about the “expected” behaviour of victims of sexual assault and harassment, rather than on a fair, evidence-based assessment after taking into account the circumstances of the victims.The case stems from an FIR filed by Delhi Police following a complaint by a woman wrestler during Singh’s tenure as WFI chief. The police had invoked Sections 354, 354-D, 354-A, 506(1) and 109 of the Indian Penal Code.Additional Chief Judicial Magistrate Ashwani Panwar had acquitted Singh and Tomar after a trial that was conducted in a closed courtroom. The two were tried in connection with allegations of sexual harassment of women wrestlers in India and abroad.Delhi Police had filed a 1,500-page charge sheet against Singh and Tomar on June 15, 2023, following its investigation into the allegations.The women wrestlers had earlier staged a protest at Jantar Mantar, following which the FIR was registered by Delhi Police based on the complaint.Advocate Rajiv Mohan, assisted by Rehan Khan and Rishabh Bhati, represented Brij Bhushan Sharan Singh, while senior advocate Rebecca John appeared for the victims and complainants.","The appeal challenges the August 3 order of the Rouse Avenue court, Brij Bhushan and Vinod Tomar in the case. The wrestlers have contended that the acquittal order is unsustainable in law and is based on a “manifestly erroneous and selective appreciation of the evidence on record”","https://static.toiimg.com/thumb/msid-134533835,imgsize-76828,width-400,height-225,resizemode-4/file-photo.jpg"
"2,000 cops deployed, classes suspended for 10 days: Lovely Professional University protests spiral into violence - top developments",https://timesofindia.indiatimes.com/india/2000-cops-deployed-classes-suspended-for-10-days-lovely-professional-university-protests-spiral-into-violence-top-developments/articleshow/134530767.cms,"Rape claim, campus unrest and midnight clashes: What happened at LPU

Police deploy over 2,000 personnel

Clashes, arson and highway blockade

Rape case registered, SIT formed

LPU denies rape claim, releases students' video

Join conversation View All Comments → Share your thoughts in the comments Insightful Agree Disagree Skeptical Concerning Promising Worth Reading Big Development Post Comment Be respectful · TOI community guidelines

Congress attacks Punjab government

Poll Vote & Share your view What is the most critical issue that needs to be addressed by the university? Campus safety and security Mental health support for students Transparency in handling complaints Proper investigation of the alleged incident 3k+ users shared opinion today 5k+ users already voted today 3k+ users shared opinion today Share Opinion

NEW DELHI: Students of Lovely Professional University (LPU) in Punjab’s Phagwara went on a rampage on Sunday, vandalising property and blocking NH-44 during protests over claims that an outsider raped a female student on the university campus. The protests later turned violent as students clashed with police, damaged and set fire to vehicles, and pelted stones at security personnel. Several policemen were injured.The university has suspended regular classes for 10 days from September 28 and postponed mid-term examinations until further notice. Heavy police deployment has been made on the campus, while students have started leaving for their homes.Classes suspended, exams postponedFollowing the violence, LPU suspended regular classes for 10 days from September 28 and postponed mid-term examinations until further notice.The administration appealed to students to remain calm, follow official instructions and stay connected for further updates.Several rounds of talks between protesting students and the university management remained inconclusive.Vice Chancellor Sandhu assured students that their genuine grievances would be addressed.The protesters demanded that LPU Founder-Chancellor Ashok Mittal, who is also a BJP Rajya Sabha MP, visit the protest site and assure them that their concerns would be resolved. They also sought that access to the University Management System not be blocked and that students not be victimised for participating in the protest.A large police force led by ADGP M F Farooqui entered the LPU campus after the violence escalated. More than 2,000 personnel have been deployed to maintain security through the night, Farooqui said.“We will ensure security on the campus throughout the night... A force of over 2,000 personnel is currently deployed here. Law and order has been fully maintained and restored... The process is ongoing, and we are working to keep the situation under control. I cannot provide further details at this moment. To the families whose daughters are staying in the hostel here: please do not worry; everyone is safe... The atmosphere here is completely calm, and the university students are also cooperating with us in restoring peace. ..,” he said.Jalandhar Police Commissioner Satinder Singh said reports of disturbances in the hostels were rumours and that all hostels had been checked.“First of all, reports of disturbances in the hostels were merely rumours. All hostels have been checked, and there are no issues. Traffic has resumed, and the situation is normal. Other matters will be resolved through discussions with the students... Overall, the atmosphere is fine, and any minor issues will be addressed... Please inform the families that all students are safe and there is no cause for concern,” Singh said.DIG (Jalandhar Range) Naveen Singla also said the situation had been brought under control and that traffic movement on NH-44 would soon be restored.Punjab chief minister Bhagwant Mann has directed strict action against those responsible for the unrest at Lovely Professional University (LPU), the Chief Minister’s Office said.Mann also directed Director General of Police Gaurav Yadav to visit the spot and assess the situation.The protest began near Girls' Hostel-3 around 1 am on Sunday after students alleged that a female student had been raped by a plumber three days earlier. They also claimed the hostel warden had been informed but no action was taken.The protesters blocked NH-44 outside the university from around 8 am, causing long queues of stranded vehicles. Police later attempted to clear the blockade, but students allegedly threw water bottles at them and clashed with personnel.Police resorted to a mild lathi charge, following which students moved towards the campus and continued to pelt stones at police vehicles. Two police vehicles were set on fire, while four to five vehicles were damaged, according to Jalandhar Rural SSP Harvinder Singh Virk.Viral videos showed damaged property, vehicles and an ATM kiosk on the campus. Some students were also seen climbing onto a decommissioned MiG-23UM aircraft and a military tank installed on the premises.A truck driver, Vikas Yadav, said, “We have been stranded since 7 AM; there is no sign of things opening up yet... We are extremely distressed... We have had to abandon our vehicles and flee...”Police said an FIR had been registered against an unknown person based on a complaint by the students and a special investigation team had been formed.Singla said the girl was staying in Hostel No. 3 and had returned to her home after students alleged that no action had been taken on the matter. He said the investigation would involve student representatives.“We will analyse forensic samples, CCTV camera footage, call records, etc., before reaching a conclusion,” Singla said.The DIG also said students had demanded that the hostel staff comprise only women, adding that the management would address the demand.Asked about another death, Singla said a female student from Telangana studying at LPU had died by suicide 15 days earlier. “If the students say that there was foul play, action will be taken,” he said.LPU Vice Chancellor Jaspal Singh Sandhu said the university was not aware of any such rape incident but would cooperate with the investigation.LPU management has denied the rape allegations, with Registrar Monica Gulati saying certain “anti-social elements” were spreading “false, baseless and fabricated” claims.The university released a video featuring three female students identified as residents of Room No. 504 of the hostel. In the video, the students said no rape had taken place in their room and asked police and other students not to disturb them.Gulati introduced the video by saying, “I would like you to hear what the girls residing in room number 504 of GH3 told us.”The first student said, “So, we are the residents of room number 504. Nothing of that sort happened in our room; we have been living here for the past two months. Please, police and students, do not bother us. Nothing like that happened in our room, and we are not involved in this at all.”The second student said, “We have been extremely distressed today, and if we face further trouble, we will involve our parents. Please do not harass us.”The third added, “And the police should also stop coming to our room repeatedly; otherwise, we will call our parents.”Gulati later said, “The only conclusion to be drawn from all this is that anti-social elements and individuals with vested interests are behind this.”The opposition Congress criticised the AAP government over the law and order situation in Punjab.“What is happening at LPU is deeply concerning. If students have serious questions or concerns about any incident, they deserve transparent, impartial and time-bound answers, not rumours or suppression. The violence is a testament to the failed law and order situation in Punjab,” state Congress chief Amrinder Singh Raja Warring said.“NH-44 has been blocked since the morning, yet not a single representative from the AAP government has bothered to meet the students and hear their grievances,” Warring said.","Students of Lovely Professional University (LPU) in Punjab’s Phagwara went on a rampage on Sunday, vandalising property and blocking NH-44 during protests over claims that an outsider raped a female student. The protests later turned violent as students clashed with police, damaged and set fire to vehicles, and pelted stones at security personnel. More than 2,000 personnel have been deployed to maintain security through the night.","https://static.toiimg.com/thumb/msid-134530793,imgsize-167288,width-400,height-225,resizemode-4/file-photo.jpg"
"CCPA penalises Amazon, Flipkart, JioMart for selling unregistered herbicide",https://timesofindia.indiatimes.com/india/ccpa-penalises-amazon-flipkart-jiomart-for-selling-unregistered-herbicide/articleshow/134500198.cms,"Central Consumer Protection Authority (CCPA) has imposed penalties of Rs 10 lakh

Join conversation View All Comments → Share your thoughts in the comments Insightful Agree Disagree Skeptical Concerning Promising Worth Reading Big Development Post Comment Be respectful · TOI community guidelines

NEW DELHI: Central Consumer Protection Authority (CCPA) has imposed penalties of Rs 10 lakh each on Amazon and Flipkart, and Rs 5 lakh on JioMart, for selling and advertising an unregistered agrochemical product, Cyclosinone Herbicide.Cyclosinone Herbicide is marketed as a granular weed-control product used to prevent and eliminate broadleaf and grassy weeds in lawns, gardens and agricultural fields.In separate orders issued recently, the consumer watchdog directed the e-commerce marketplaces to immediately discontinue the false and misleading advertisements and conduct a self-audit of their platforms to identify and remove products that violate the law or pose a risk to consumers’ life and safety.The CCPA initiated proceedings after the department of agriculture and farmers’ welfare forwarded a complaint it had received from the Crop Care Federation of India (CCFI) regarding the sale and advertisement of the unregistered herbicide through e-commerce and digital media platforms.During the investigation, the agriculture department informed CCPA that the import, manufacture, sale, transport, distribution and use of insecticides and pesticides are regulated under the Insecticides Act, 1968, and the Insecticides Rules to safeguard human beings and animals from potential risks.The department told the authority that no chemical named Cyclosinone is included in the Schedule to the Insecticides Act. However, a product marketed as “Cyclosinone Herbicide” was being sold through online platforms without disclosing the chemical name of its active ingredient or its composition.“It is currently being marketed illegally because it bypasses the mandatory safety, bio-efficacy, quality and legal checks required under the Insecticides Act,” the department said in its submission to CCPA.The authority rejected the e-commerce companies’ argument that they could not be held responsible for products listed by third-party sellers. The CCPA said online marketplaces cannot disown their statutory obligation to protect consumers and are required to exercise due diligence to prevent the sale of products that are illegal or hazardous.","Central Consumer Protection Authority (CCPA) has imposed penalties of Rs 10 lakh each on Amazon and Flipkart, and Rs 5 lakh on JioMart. Cyclosinone Herbicide is marketed as a granular weed-control product used to prevent and eliminate broadleaf and grassy weeds.","https://static.toiimg.com/thumb/msid-134500218,imgsize-75366,width-400,height-225,resizemode-4/file-photo.jpg"
"12 BJP CMs defend EC amid SIR row, hit back at Rahul Gandhi after poll body's fresh note",https://timesofindia.indiatimes.com/india/12-bjp-cms-defend-ec-amid-sir-row-hit-back-at-rahul-gandhi-after-poll-bodys-fresh-note/articleshow/134532039.cms,"BJP CMs Rekha Gupta, Devendra Fadnavis and Yogi Adityanath

What BJP CMs said

Rahul Gandhi’s cryptic post

Join conversation View All Comments → Share your thoughts in the comments Insightful Agree Disagree Skeptical Concerning Promising Worth Reading Big Development Post Comment Be respectful · TOI community guidelines

The controversy

NEW DELHI: A dozen BJP chief ministers held press conferences in their respective states on Sunday, a day after the Election Commission of India (ECI) issued a press release responding to a media report that had claimed a “rift” between Chief Election Commissioner (CEC) Gyanesh Kumar and the two Election Commissioners, Sukhbir Singh Sandhu and Vivek Joshi.According to a statement issued by the ruling party, the chief ministers accused Congress MP Rahul Gandhi and his party-led opposition INDIA bloc of “conspiring to defame constitutional institutions.""In states where the BJP or its NDA allies are not in power, state BJP presidents or leaders of the opposition from the saffron party addressed media instead.Maharashtra chief minister Devendra Fadnavis remarked that ""no vote was stolen, Rahul Gandhi's mind was stolen."" He accused the Lok Sabha leader of opposition of ""seeking to spread anarchy by defaming institutions"" while claiming to defend the Constitution.Uttar Pradesh chief minister Yogi Adityanath accused the opposition parties of creating ""confusion"" over the Special Intensive Revision (SIR) of electoral rolls. In Assam, Himanta Biswa Sarma described the INDIA bloc as an “alliance of losers,” while Bihar CM Samrat Choudhary argued that ""cleansing"" the voter list was necessary because “booth capturing no longer works in the country.”West Bengal CM Suvendu Adhikari pointed to the Congress’s support for the SIR in Keralam, where it won, and its opposition to the exercise in Bengal after losing the election.Uttarakhand chief minister Pushkar Singh Dhami objected to what he described as an ""attempt to defame institutions by presenting a note from an internal discussion as a final decision.”Rajasthan chief minister Bhajan Lal Sharma questioned why the Congress had not ""verified the facts"" before making serious allegations over the June 24, 2025, orders concerning the nationwide SIR, which he maintained were adopted by the ECI full consensus of the CEC and the election commissioners.Chhattisgarh's Vishnu Deo Sai accused the Congress of resorting to “anti-national” conduct after “having lost more than 100 elections.” Referring to the Election Commissioners’ joint statement, accompanied by a photograph of the three officials seated at a table, Sai argued that it had exposed what he called a “conspiracy to tarnish the country’s image.”Delhi chief minister Rekha Gupta, where a third of the electorate was removed and a third of those remaining received notices as part of the ongoing revision, framed the Opposition’s position on the issue as an attempt to “divert attention from its failures.""Rahul Gandhi, meanwhile, posted cryptically on X: “I love swimming in the sea when it’s rough. It teaches you that rough is just another kind of calm.”At a press conference on September 24, a day after The Indian Express published its report, the Congress leader claimed his “vote chori” (vote theft) allegation stood “vindicated.” The Raebareli MP also demanded that CEC Gyanesh Kumar resign or be removed, accusing him of “treason.”The Indian Express reported on September 23 that Election Commissioners Sukhbir Singh Sandhu and Vivek Joshi had objected to at least 14 decisions over 10 months concerning the ongoing SIR exercise and related matters.The ECI has not disputed that objections were raised; however it characterised them as ""disagreements"" that were subsequently resolved, stressing that the final decisions were ""unanimous."" While Sandhu and Joshi are yet to speak to the media, the poll panel's press note second statement outlined several measures and clarifications.The BJP has maintained that the ECI’s press notes have “settled the matter”. Its allies, who, like the opposition, had sought an explanation from the poll body, also welcomed the commission's statement.","A dozen BJP chief ministers held press conferences in their respective states on Sunday. The chief ministers accused Congress MP Rahul Gandhi and his party-led opposition INDIA bloc of “conspiring to defame constitutional institutions” In states where the BJP or its NDA allies are not in power, state BJP presidents or leaders of the opposition from the saffron party addressed media instead.","https://static.toiimg.com/thumb/msid-134533275,imgsize-131373,width-400,height-225,resizemode-4/bjp-cms-rekha-gupta-devendra-fadnavis-and-yogi-adityanath.jpg"
"'Left' in existential crisis: From CPI-CPM rift in Kerala to Delhi rout, old fault lines deepen",https://timesofindia.indiatimes.com/india/left-in-existential-crisis-from-cpi-cpm-rift-in-kerala-to-delhi-rout-old-fault-lines-deepen/articleshow/134517301.cms,"The Left faces a deeper political challenge as electoral setbacks, internal tensions and shrinking influence converge

Pinarayi probe: Another challenge after Kerala defeat

DUSU polls: Why isn't Left mobilisation becoming votes?

CPI vs CPM: When opposition itself becomes a battlefield

From Bengal to Kerala: How did the Left reach here?

Poll Vote & Share your view How pivotal is the recent defeat in Kerala for the future of the Left in India? Extremely pivotal Moderately pivotal Not very pivotal Not pivotal at all 3k+ users shared opinion today 5k+ users already voted today 3k+ users shared opinion today Share Opinion

Join conversation View All Comments → Share your thoughts in the comments Insightful Agree Disagree Skeptical Concerning Promising Worth Reading Big Development Post Comment Be respectful · TOI community guidelines

What next for the Left?

There was a time when the Left’s political footprint stretched from West Bengal to Tripura and Kerala. Its influence travelled further still, through trade unions, university campuses, farmers’ movements and a cadre network that kept the red flag visible even where Communist parties were not in power. That map has steadily grown smaller.For India’s Left, the question is no longer only about shrinking electoral numbers. It is increasingly about where the Communist movement still has the political space, organisational confidence and social influence to assert itself. In Delhi, the SFI-AISA alliance has struggled to translate visible participation in student mobilisations into votes. In Kerala, the two principal constituents of the Left Democratic Front, the CPM and CPI, have found themselves publicly at odds over even the distribution of positions within the opposition, and that too after a heavy defeat in the assembly elections.These may appear to be separate battles, but they have come at a particularly difficult moment for the Left. The Kerala defeat has left it without a state government, the CPM and CPI are publicly disagreeing over the way forward, former chief minister Pinarayi Vijayan is facing a probe, and the Delhi university results have again exposed the gap between the Left’s visibility in student movements and its electoral reach.The timing makes these developments particularly significant. The Left’s retreat has been a long process. The fall of the Left Front in West Bengal in 2011, the loss of Tripura in 2018 and the steady decline in its parliamentary strength had already reduced the Communist parties’ national footprint. Kerala had remained the exception, a state where the Left retained a durable organisational network and, in 2021, even broke the state’s established cycle of alternating between the LDF and UDF governments. Its defeat in 2026 means that India currently has no state government led by a Communist party.But the more revealing question may be what is happening beneath the election results. Is the Left merely going through another electoral trough, particularly after a decade in power in Kerala, or are the latest developments exposing older fault lines, from leadership and alliance tensions to the difficulty of converting traditional political mobilisation into electoral support?On September 22, the UDF government ordered a police inquiry based on an Enforcement Directorate report concerning allegations involving former chief minister and current leader of opposition Pinarayi Vijayan, his daughter Veena T and son-in-law PA Mohammed Riyas in the CMRL-Exalogic case. The state government said the inquiry would be entrusted to the state police; reports said it would initially be conducted by the Crime Branch without registration of an FIR.The underlying allegations are already part of an ED investigation. The agency has alleged financial irregularities involving payments made by Cochin Minerals and Rutile Ltd to Veena's now-defunct company Exalogic Solutions, and has sought action against Vijayan and others. The Kerala government's decision followed legal advice on whether the information and material supplied by the ED warranted a preliminary inquiry.For the CPM, however, the political dimension is inseparable from the legal one. Party general secretary MA Baby has said the party will fight the matter “legally and politically”, while accusing central agencies of having been used against opposition leaders.That places the Left in an unfamiliar position in Kerala. For a decade, Vijayan and the CPM were operating from government. Now the former chief minister is leading the opposition while facing a probe ordered by the government that replaced him.The probe comes only months after the LDF lost power following a decade in government, at a time when the CPM is already examining what went wrong and trying to regroup in opposition. The question is therefore not simply whether the allegations withstand investigation. The episode also puts Vijayan and the record of the previous government back under scrutiny at a particularly difficult moment for the party.The Delhi University Students' Union election offers a different window into the Left's problem, particularly its ability to convert activism and issue-based mobilisation into electoral support.The SFI-AISA alliance had been visible in campaigns around issues including student housing, examinations and accountability, and had participated prominently in the CJP mobilisation. Yet its electoral numbers declined in three of the four central-panel contests compared with 2025. Its presidential candidate Ananya Raturi received 5,377 votes, almost identical to the 5,385 polled by the alliance's candidate last year. But its vice-presidential tally fell from 4,163 to 2,383, the secretary vote from 9,535 to 8,734 and the joint-secretary vote from 8,425 to 5,837.The results also showed that student politics cannot simply be read as a binary contest between the major national parties and the Left. ABVP won three of the four central-panel positions, while Independent candidate Deepanshu Shokeen won the vice-president's post with 30,615 votes. He had previously been associated with Congress-affiliated NSUI but contested independently after not receiving its ticket.For the Left, the striking element is the gap between mobilisation and electoral conversion. A political organisation can be prominent in protests, articulate grievances on campuses and participate in wider movements, but that visibility does not automatically translate into votes.The presidential contest is particularly revealing. The Left candidate finished with 5,377 votes, while ABVP's Yash Dabas won with 24,576 and NSUI's Vijay Shankar Meena polled 22,523. The result does not erase the Left's presence on campus, but it does expose the difficulty of turning that presence into control of student institutions.And that is why the DUSU result matters beyond one university election. Student politics has historically been an important space for the Left to recruit, organise and build its next generation of political workers. Sitaram Yechury, for instance, rose through student politics at JNU before eventually becoming CPI(M) general secretary.The question for the Left now is simpler: if it can still bring young people to protests and movements, why is it struggling to bring them to the ballot box?The strain is also visible inside Kerala's Left alliance. After the LDF's assembly defeat, the CPI demanded the post of deputy leader of the opposition in the assembly, arguing for a larger role within the alliance. The CPM, however, rejected the demand, with Vijayan publicly opposing it.On the surface, the disagreement is about a post. But underneath it is a larger debate about how the LDF should function after its election defeat. The CPI has argued for greater sharing of responsibilities and “collective leadership”, while the CPM has maintained that the alliance should follow its established conventions.The disagreement soon spilled into public. CPI state secretary Binoy Viswam criticised Vijayan's stand, while senior CPI leader C Divakaran went further and questioned Vijayan's authority to dismiss the demand. Divakaran also argued that Vijayan should have taken responsibility for the election defeat rather than becoming leader of the opposition.The CPM pushed back too. CPM state secretariat member C N Mohanan questioned the CPI's electoral strength and accused it of using pressure tactics against the larger ally.The dispute may appear procedural because the deputy leader's post is largely an organisational and parliamentary position. But its political significance lies elsewhere. The CPI has sought greater recognition after the LDF's defeat, while the CPM, as the dominant force in the alliance, remains the principal party responsible for its direction.The two parties have since tried to prevent the dispute from escalating further. But the episode illustrates a problem that often becomes sharper after an electoral defeat: who takes responsibility for the loss, and who gets to decide the course correction?Kerala's 2026 verdict completed a long retreat. West Bengal's Left Front had ruled continuously from 1977 until 2011, while Tripura remained under Left Front rule for 25 years before the BJP ended that run in 2018. Kerala subsequently became the Left's last major governing base.But the story of the Left's decline has not been the same everywhere. In West Bengal, the 2011 defeat ended 34 years of uninterrupted Left Front rule and the Communist parties have since struggled to recover their old electoral space. In Tripura, the BJP displaced the Left after 25 years in power and emerged as its principal rival. Kerala followed a different trajectory, with power traditionally alternating between the LDF and Congress-led UDF.That is what made the LDF's 2021 victory particularly significant. The Vijayan government returned for a second consecutive term, breaking Kerala's four-decade pattern of alternating governments and giving the Left something it no longer had elsewhere: a state where it could demonstrate that it remained capable not only of surviving, but of retaining power.The 2026 defeat is therefore different from Bengal and Tripura and cannot automatically be equated with the organisational collapse witnessed elsewhere. Yet the scale of the setback raises questions beyond normal anti-incumbency. The LDF was reduced from 94 seats to 35, while the UDF won 102. The CPI(M) also suffered defeats in areas traditionally associated with its organisation, including parts of Kannur. BJP candidates won three seats, Chathannoor, Nemom and Kazhakoottam, including constituencies that had been held by LDF leaders.The larger national trajectory has been just as stark. At its parliamentary peak in 2004, the Left parties together had 59 Lok Sabha MPs and provided crucial outside support to the first UPA government. Twenty-two years later, their presence in Parliament and across state governments is a fraction of what it was.The decline cannot be traced to a single election or a single cause. The Left has had to contend with the loss of old strongholds, changes in the nature of work and organised labour, the rise of powerful regional parties, the BJP's expansion into states where the Left once had substantial space, and the challenge of reaching a generation of voters with little memory of the Communist parties at the height of their political influence.Kerala had, for years, stood apart from that national decline. The 2026 result does not mean the Left's organisational base in the state has disappeared, but it has removed its last seat of state power and made the problems elsewhere much harder to ignore.With no Communist-led state government left, a diminished parliamentary presence, weaker conversion of student mobilisation into votes and visible friction among its own principal parties, the Left finds itself at one of its most difficult political moments.The challenge is no longer simply how to win the next election. It is whether the political space that once made the Communist movement a national force can still be reconstructed, and whether the Left can address its old fault lines while finding its place in a changing political landscape.","The Left faces a deeper political challenge as electoral setbacks, internal tensions and shrinking influence converge. The Kerala defeat has left it without a state government, the CPM and CPI are publicly disagreeing over the way forward. Former chief minister Pinarayi Vijayan is facing a probe, and the Delhi university results have again exposed the gap between the Left’s visibility in student movements and its electoral reach.","https://static.toiimg.com/thumb/msid-134517301,imgsize-141121,width-400,height-225,resizemode-4/134517301.jpg"
Boeing flags 737 MAX glitch that may turn off auto pilot,https://timesofindia.indiatimes.com/india/boeing-flags-737-max-glitch-that-may-turn-off-auto-pilot/articleshow/134526139.cms,"A software issue could disengage the B737 MAX autopilot during certain go-arounds when pilots alter the aircraft’s planned altitude or flight path.

Join conversation View All Comments → Share your thoughts in the comments Insightful Agree Disagree Skeptical Concerning Promising Worth Reading Big Development Post Comment Be respectful · TOI community guidelines

NEW DELHI: Boeing has identified a software issue that could potentially lead to auto pilot disengaging during certain go-arounds (aborting landing to take off again and make a second attempt) on the B737 MAX when pilots change their planned altitude and path. India has about 100 of these aircraft between Air India Express and Akasa.Aviation insiders say this is not a safety scare and Boeing has issued an advisory to pilots regarding what to do in the rare event of a B737 MAX going around and then the altitude window being changed from what is in the system for that particular sector.A Boeing spokesperson said: ""Last month, we informed all 737 operators about a software issue where pilots may not have access to automated flight guidance during a specific landing scenario. We shared information with operators that reinforced existing pilot procedures for safely handling such cases. Our engineers are working on a software update to permanently address the issue.""A spokesperson for Akasa said: ""We are closely coordinating with Boeing and can confirm there is no impact to safety... Our aircraft continue to operate safely in accordance with established procedures and applicable regulatory requirements.""AI Express has over 50 of these planes.US Federal Aviation Admi-nistration has said in a statem-ent that it will ""convene a corrective action review board and take immediate action if it identifies a safety concern"".What was to be Boeing's answer to rival Airbus's best-selling A320 new engine option which boasts lower fuel burns, the B737 MAX came under intense scrutiny soon after it entered commercial passenger service in May 2017. Two back-to-back MAX crashes within five months - Lion Air in Oct 2018 and Ethiopian Airlines in March 2019 - that left 346 people dead led to the aircraft being grounded globally in March 2019. After Boeing made some crucial changes, the aircraft was allowed to fly again in Dec 2020.",A software issue could disengage the B737 MAX autopilot during certain go- arounds when pilots alter the aircraft’s planned altitude or flight path. India has about 100 of these aircraft between Air India Express and Akasa. Boeing has issued an advisory to pilots regarding what to do in the rare event.,"https://static.toiimg.com/thumb/msid-134526138,imgsize-62840,width-400,height-225,resizemode-4/boeing-flags-737-max-glitch-that-may-turn-off-auto-pilot.jpg"
PM Modi pens tribute to Ashok Singhal: 'A great personality who was committed to nation-building',https://timesofindia.indiatimes.com/india/pm-modis-tribute-to-ashok-singhal-a-great-personality-who-was-committed-to-nation-building/articleshow/134526177.cms,"Join conversation View All Comments → Share your thoughts in the comments Insightful Agree Disagree Skeptical Concerning Promising Worth Reading Big Development Post Comment Be respectful · TOI community guidelines

There is a beautiful saying that the tree does not consume its own fruit, nor does the river retain its waters. Both exist for the benefit of others. Our saints and seers have long taught us that a life devoted to the welfare of those around us acquires a meaning far greater than individual achievement. If there is one person in whom this spirit was constantly reflected, it was Shri Ashok Singhal ji.Starting Sept 27, we mark his birth centenary to celebrate an outstanding personality who brought together spiritual pursuit, cultural awakening and decades of dedicated organisational work.I consider it a privilege that I had innumerable opportunities to interact with Ashok ji and receive his affection. One of the earliest instances dates back to 1981, when I was a young karyakarta going about the organisational duties given to me. I received a handwritten letter from him. Naturally, it was a noteworthy moment for me. He talked about an important upcoming programme and gave a few tasks to be done.Over several decades, I saw him work day and night. He would undertake long and often difficult travels to the remotest of areas. He was particularly passionate about travelling across tribal areas of Gujarat. His mind was constantly running, thinking about what more one can do for those on the margins of society.Whenever any part of the nation was affected by a natural disaster, Ashok ji was either among the first to reach there himself or among those guiding karyakartas to help those affected. My own experience with him in the aftermath of the 2001 Kutch earthquake was unforgettable.This spirit of compassion and care for others is something that came to Ashok ji very early in his life. He hailed from a very illustrious and prosperous family. His father, Shri Mahavir ji, was a distinguished administrator. One of his bro-thers, Shri BP Singhal ji, went on to become a police officer and later a member of Parliament. Another brother, Shri VP Singhal ji, was the chief secretary of Tripura when the state was just formed. Other family members succeeded in the world of commerce and agriculture. But from a young age, Ashok ji was attracted to something else altogether... the revival of Bharat and bringing glory to Maa Bharti's children.Growing up in Prayagraj, Ashok ji would sit for hours on the banks of the Sangam. The river naturally interested him, but so did the people who came, such as saints, seers and devotees. It nurtured an understanding of India's cultural ethos and strengthened his intention to do something for society. This desire to live for others drew him to RSS. He embraced every responsibility that came his way with enthusiasm, discipline and a sense of duty.Ashok ji nurtured institutions and movements through persistence and hard work. He was blessed with a formidable voice and an oratory that could hold an entire gathering in its spell. Equally noteworthy was his care for fellow karyakartas. Anyone who came into contact with him could not help but marvel at his remarkable simplicity. He shared a deep bond with Sant Samaj and commanded immense respect among saints and seers across the country. They valued his counsel and listened to him with great regard.My mind goes back to two instances which brought out the legendary persona of Shri Ashok Singhal ji. The first was in 1993, when Vishwa Hindu Parishad organised a convention in US to mark 100 years since Swami Vivekananda's Chicago address. The vision to host such a conference overseas, the planning and the bringing together of diverse stakeholders revealed the organisational genius of Ashok ji.The second instance is from 2000. World Hindu Conference was organised in Port of Spain in Trinidad and Tobago. I could see how his presence ignited so much enthusiasm among other delegates. After my address, his words of appreciation were a very moving experience for me. I saw yet again how his encouragement filled every karyakarta with so much energy.No mention of Shri Ashok Singhal ji is complete without recalling his pivotal role in the Ram Janmabhoomi movement. Who can forget his address at Boat Club Rally in 1991? Or the defining image of an injured and bleeding Ashok ji at the peak of the movement. Today, if there is a grand Ram Mandir in Ayodhya, it is because of stalwarts like him who selflessly immersed themselves in the effort to make it possible. He would have been the happiest person on seeing Ram Mandir take shape in Ayodhya.Shri Ashok Singhal ji was blessed with remarkable clarity of thought and one area wh-ere it was clearly seen was his belief that our society needs to be harmonious, that the message of brotherhood has to be reaffirmed. He worked towards strengthening social unity and equality. He firmly believed that there could be no distinction of any kind in society and that every individual deserved equal dignity and respect. It was his thought that the first brick of the Ram Mandir in Ayodhya would be laid by Shri Kameshwar Choupal Ji, a grassroots VHP karyakarta from Bihar who hailed from the marginalised sections of society. At a dharm sansad in Kashi, he decided that the Dom Raja would be honoured and went on to work with him as part of various community efforts.Beyond nation-building, Ashok ji had two areas that were very close to his heart: education (especially Vedic education) and music. As the MP from Varanasi, I feel very proud that the city I represent, the eternal Kashi, has played its part in Ashok ji's life. He was educated at BHU and was also known to be a good student. He was closely associated with the Ekal Vidyalaya initiative, which worked to extend basic education to remote villages, especially among tribal communities.He was a voracious reader as well as a good listener, and he always told younger karyakartas to read as much as possible.Those who knew Ashok ji closely knew how well he sang. I recall meetings in Nagpur, where he would sing the Ekal Geet, leaving everyone mesmerised and setting the tone for the meeting. A video of him surprising everyone and singing 'Yeh Matru Bhumi Meri, Yeh Pitra Bhumi Meri' during his 90th birthday celebrations in 2015 went viral.On his birth centenary, let us ensure that more youngsters know about his greatness. And let us renew our pledge to realise his dreams for our nation and our people.","Shri Ashok Singhal ji's birth centenary is on September 27. He was an outstanding personality who brought together spiritual pursuit, cultural awakening and decades of dedicated organisational work. Anyone who came into contact with him could not help but marvel at his remarkable simplicity.","https://static.toiimg.com/thumb/msid-134526176,imgsize-87030,width-400,height-225,resizemode-4/a-great-personality-who-was-committed-to-nation-building.jpg"
"When ‘secret spot’ goes viral: The tourism trap of too many views, too many visitors",https://timesofindia.indiatimes.com/india/when-secret-spot-goes-viral-the-tourism-trap-of-too-many-views-too-many-visitors/articleshow/134518410.cms,"Digital demand can surge faster than physical infrastructure can adapt.

From travel guide to visual trigger

A viral viewpoint

The algorithm loves the photogenic

Can an algorithm create overtourism?

The reel doesn't show the queue

When the road becomes the bottleneck

Too Viral to Handle

The environmental bill arrives later

Water is part of the tourism footprint too

The cost nobody sees on the reel

The local economy has something to gain—and lose

Join conversation View All Comments → Share your thoughts in the comments Insightful Agree Disagree Skeptical Concerning Promising Worth Reading Big Development Post Comment Be respectful · TOI community guidelines

From viral tourism to responsible discovery

Tourism brings people, places, and cultures closer. It creates opportunities for communities, supports livelihoods, and contributes significantly to economic development. Globally, travel and tourism contributed $10.9 trillion, or 10% of global GDP, in 2024, supporting 357 million jobs and generating $1.9 trillion in international visitor spending.But the way people decide where to go is changing - and increasingly, the journey begins before the journey, inside a phone.On World Tourism Day 2026, observed on September 27, the global tourism sector is discussing how digital technology and Artificial Intelligence can redesign tourism. India arrives at that conversation amid extraordinary growth: Domestic Tourist Visits reached 428.55 crore in 2025, up from 67.7 crore in 2021, while Foreign Tourist Visits rose from 0.1 crore to 2.53 crore. Foreign Exchange Earnings from tourism increased from Rs 63,978 crore to Rs 2,76,831 crore over the same period, according to the Ministry of Tourism.The opportunity is enormous. So, is the question increasingly confronting destinations: what happens when a beautiful place becomes more famous online than it is capable of being on the ground?That is the emerging Instagram destination problem.Instagram Reels have fundamentally changed travel discovery. A 20-second video can compress a mountain road, turquoise lake, café, waterfall or village into an irresistible sequence of drone shots, music, transitions and carefully selected frames.The Government of India has itself recognised social media's growing role in tourism. A Ministry of Tourism study titled “Social Media as an Influencer among Foreign Tourists Visiting India”, conducted through the Indian Institute of Tourism and Travel Management, examined social media's influence on foreign visitors.The ministry subsequently acknowledged the importance of Instagram, YouTube, influencers, vloggers and user-generated content in tourism promotion. Tourism policy expert Hemant Joshi, CEO of Atithi Foundation, says the challenge is that visitor demand can grow far faster than a destination’s infrastructure, carrying capacity and local ecosystem can handle. “We are increasingly seeing this in fragile mountain and rural destinations, where a viral post can almost instantly translate into traffic, waste, pressure on water and other local infrastructure, and disruption for communities. Recent experiences in places such as Manali, Ladakh and the Nilgiris are a reminder of this gap,” he said.Once someone interacts with travel content, similar destinations can flood their feed. Discovery therefore becomes less deliberate. A person who has never heard of a particular valley, café or viewpoint can encounter it repeatedly until an unfamiliar place starts feeling like a destination they need to experience.The problem is not that social media makes people travel. Travel inspiration has always existed.The difference is scale, speed and concentration. Algorithms reward content that attracts attention. Visually dramatic places are naturally suited to short-form video. That creates a feedback loop:beautiful destination → engaging Reel → high views → more creators → more travellers → more content → even more visibility.Travel enthusiast and hotel manager working in Gurgaon, Nitish Srivastava, who also creates travel content, says algorithms have a soft spot for what already grabs eyeballs. “So creators can end up repeatedly visiting the same popular places because they know the audience will respond,” he added.He said a creator can show the experience of a fragile place without necessarily turning its precise location into a mass-tourism instruction manual. “You can still share the experience without turning it into a ‘go here before everyone finds out’ trend. For me, protecting a place is more important than getting a few extra views,” Nitish said.Delhi-based traveller Harsh Shivam, who likes sharing travel-related content on social media, similarly argues that creators should exercise judgement when revealing particularly fragile or previously uncrowded locations. “Location is obviously an important part of travel content, but there is a difference between telling people roughly where a place is and giving them precise directions to a spot that may not be able to handle a sudden influx of visitors,” said Harsh.But he also highlights the other side: “Increased tourism can create opportunities for local businesses and communities.””That is the central paradox.Visibility can be economic development. The same visibility can become environmental pressure.There is another problem: social media shows a destination, but rarely shows its carrying capacity. A reel might capture the waterfall. It probably won't show the road leading to it clogged with vehicles.It might show a pristine mountain lake. It probably won't show the plastic waste left behind.It might show an empty viewpoint. It won't necessarily tell you that the shot was taken at 6 am, during a brief window between crowds. “A place may only look the way it does in a particular season, or the experience may change significantly depending on the time of year. That context can be important in setting realistic expectations for people planning a visit,” said Harsh.Srivastava says his own experience has repeatedly demonstrated this gap: “Social media usually shows the best few seconds—the perfect light, empty viewpoint and cinematic angle.”India's tourism numbers make this increasingly important.Official Uttarakhand statistics show how dramatically visitor numbers can concentrate at individual destinations. Kedarnath recorded 243,012 visitors in 2021, rising to 1,564,248 in 2022 and 1,958,863 in 2023. Badrinath rose from 199,409 in 2021 to 1,780,429 in 2023. Tehri recorded more than 3.76 million tourist visits in 2023, according to Uttarakhand Tourism.The issue isn't simply how many people enter a state. It is where they go, when they arrive and whether local infrastructure can absorb the concentration. Roads, parking, public toilets, accommodation, drinking water, sewage systems, emergency services and waste collection all have finite capacity. And when tourism growth is faster than infrastructure, the first visible sign may not be a tourism statistic. It may be a traffic jam.Government research shows that the environmental consequences are not theoretical.A Ministry of Environment, Forest and Climate Change report submitted before the National Green Tribunal documented significant waste pressures associated with tourism in Uttarakhand. Research cited in the report, in January 2025 found that 71% of the total solid waste generated in the Valley of Flowers was produced in only 37 days. Estimated waste generation was approximately 364 grams per visitor per day on the Gomukh trek and 580 grams per visitor per day on the Kedarkantha trek.These numbers reveal an important characteristic of tourism pollution: seasonality and concentration matter.A place can cope with relatively modest visitor numbers for much of the year and still experience severe pressure during a short viral or peak-tourism window.Ladakh offers another stark example. A carrying-capacity study by the GB Pant National Institute of Himalayan Environment examined tourism pressure in the Leh Town Complex. The research recorded rapid growth in accommodation, air traffic and tourist influx, alongside concerns over waste generation and disposal. Ladakh's ecological vulnerability makes the equation particularly sensitive. Water, waste treatment, roads and energy are not infinitely expandable simply because Instagram demand rises.According to Kedarnath Nagar Panchayat data obtained through an RTI, Kedarnath generated 50.30 metric tonnes of waste between April and August 2026, more than 2.5 times the entire 2025 total.Tourism's environmental footprint is also much bigger than litter.Niti Aayog's work on sustainable tourism in the Indian Himalayan Region highlights pressures involving water consumption, groundwater extraction, energy, accommodation, transportation and solid waste. That is why “hidden gem” is not necessarily synonymous with “sustainable destination.”A small community may have a beautiful landscape but limited sewage treatment, parking, waste collection, medical facilities or water supply.Goa shows that even beaches have a limitThe carrying-capacity question is not confined to the Himalayas. Goa recorded 10.8 million tourist arrivals in 2025, according to the state's tourism department.An assessment placed before the National Green Tribunal found that, using a criterion of 10 square metres per visitor, carrying capacity was exceeded at beaches including Palolem, Agonda, Siridao, Vainguinim and Coco Beach.The problem is therefore not “Instagram versus tourism.” It is tourism growth versus destination capacity.It would be simplistic to portray viral tourism as entirely destructive. A formerly overlooked destination gaining attention can mean more customers for homestays, restaurants, taxis, guides, artisans and small retailers.But benefits are not automatically distributed equally.If visitor numbers rise faster than local capacity, residents can face congestion, waste, water stress, rising costs and disruption to everyday life. Meanwhile, businesses may become increasingly dependent on a tourism boom they did not necessarily create or control.India’s tourism challenge is therefore no longer simply about attracting visitors, but about distributing them intelligently. As Joshi puts it, “Digital platforms can be used to distribute demand by making credible, attractive alternatives discoverable rather than concentrating everyone on the same few locations.”Destinations, he argues, must plan for demand rather than chase it. “The objective should not be to make destinations less popular, but to make tourism growth more manageable, more geographically distributed and more valuable to the communities that host it.”","On World Tourism Day 2026, the global tourism sector is discussing how digital technology and Artificial Intelligence can redesign tourism. India arrives at that conversation amid extraordinary growth: Domestic Tourist Visits reached 428.55 crore in 2025. Globally, travel and tourism contributed $10.9 trillion, or 10% of global GDP, in 2024.","https://static.toiimg.com/thumb/msid-134518648,imgsize-128137,width-400,height-225,resizemode-4/the-algorithm-has-no-carrying-capacity.jpg"
"Higher EPF wage limit: Monthly PF contributions rise to Rs 3,917",https://timesofindia.indiatimes.com/india/higher-epf-wage-limit-monthly-pf-contributions-rise-to-3917/articleshow/134510271.cms,"EPFO wage ceiling hike

Join conversation View All Comments → Share your thoughts in the comments Insightful Agree Disagree Skeptical Concerning Promising Worth Reading Big Development Post Comment Be respectful · TOI community guidelines

NEW DELHI: With EPFO increasing the mandatory wage ceiling from Rs 15,000 a month to Rs 25,000, employees will now contribute Rs 3,000 (at 12% contribution of Rs 25,000 wage) towards their PF savings from Rs 1,800 earlier, govt said in a set of FAQs released. This will be along with a contribution of Rs 917 by employers (at 3.67%), up from Rs 550, taking the mandatory monthly PF contributions to Rs 3,917.In addition, Rs 2,083 - an 8.3% contribution from employers' share - will now go towards the pension kitty from earlier Rs 1,250. On Sept 17, govt increased EPFO wage ceiling to bring one crore additional workers into the social security net as minimum wages in at least seven states and UTs - Delhi, Maharashtra, Karnataka, Haryana, Gujarat, Rajasthan and Uttarakhand - have crossed the Rs 15,000 threshold.In the case of an employee with a monthly wage of Rs 20,000, the mandatory PF contribution will be Rs 3,134 - the employee share Rs 2,400 and the employer share Rs 734, with an additional Rs 1,666 going towards EPS from employer's share. But if an employee earns, say, Rs 35,000 a month, the mandatory PF contribution will be Rs 6,000 (Rs 3,000 from employee and employers each), with no amount going towards pension as EPS is available only to those whose wages do not exceed the EPFO wage ceiling.The retirement savings agency said the new regime kicked in from Sept 17 and asked employers to review contractor compliance, wherever contract labour is engaged, and update its payroll systems.Allaying employee fears of attempts to pass on the contribution by deducting more from salaries, it said an employer's statutory contribution cannot simply be treated as an employee deduction merely by describing it as part of CTC.While the move will likely increase compliance costs for small and medium enterprises, the potential costs due to the rise in the wage ceiling can be partly offset by the incentive of up to Rs 3,000 per month for every additional employment created under PM Viksit Bharat Rojgar Yojana.","EPFO increasing mandatory wage ceiling from Rs 15,000 a month to Rs 25,000. Employees will now contribute Rs 3,000 towards their PF savings from Rs 1,800 earlier. This will be along with a contribution of Rs 917 by employers (at 3.67%), up from Rs 550.","https://static.toiimg.com/thumb/msid-134510277,imgsize-76300,width-400,height-225,resizemode-4/epfo-raises-wage-ceiling-to-rs-25000-pf-contribution-rises-to-rs-3000.jpg"
‘Blown them away with that whistle’: TVK takes swipe at Udhayanidhi over bypolls,https://timesofindia.indiatimes.com/india/blown-them-away-with-that-whistle-tvk-takes-swipe-at-udhayanidhi-over-bypolls/articleshow/134532388.cms,"‘That whistle blew them away’: TVK takes dig at Udhayanidhi over bypolls

Join conversation View All Comments → Share your thoughts in the comments Insightful Agree Disagree Skeptical Concerning Promising Worth Reading Big Development Post Comment Be respectful · TOI community guidelines

Poll Vote & Share your view Which issue do you think will be most important to voters in the Madurantakam bypoll? Local development Candidate’s track record Party leadership Constituency-specific issues 3k+ users shared opinion today 5k+ users already voted today 3k+ users shared opinion today Share Opinion

NEW DELHI: Tamil Nadu minister Aadhav Arjuna launched a sharp attack on the DMK, claiming that the party had underestimated his side and was now in a weak position in the Maduranthakam constituency.Arjuna said the DMK had earlier claimed it would win 200 constituencies but was now sitting in the opposition benches.“The DMK, which said that it would win 200 constituencies, is sitting in the Opposition benches. They took us lightly. They said, ‘These people only know how to blow whistles.’ That very whistle came to us as our symbol, and we have blown them away completely with that whistle,” he said.Arjuna further claimed that the DMK was in a “pathetic position” in the constituency and questioned whether the party would even be able to retain its election deposit.“In this constituency, the DMK is in a pathetic position. Will the DMK even get its deposit back?” he said.He also targeted Tamil Nadu leader of opposition Udhayanidhi Stalin , alleging that his remarks were damaging the DMK.“Everything that comes out of the mouth of Udhayanidhi is only obscenity. No one else needs to come to destroy the DMK; MK Stalin’s son is enough. Udhayanidhi Stalin has come to destroy the DMK,” Arjuna said.Bypolls to the Maduranthakam Assembly constituency in Chengelpet district, adjoining Chennai, and the Dharapuram constituency in Tiruppur district of western Tamil Nadu will be held on October 6.The bypolls were necessitated after AIADMK legislators Maragatham Kumaravel and P Sathyabama resigned from their posts and joined the ruling TVK. The party has fielded both of them from the same constituencies they represented after being elected in the April Assembly election.This is the first time the TVK government is facing Assembly bypolls since it assumed office in May 2026.The Left parties, which extend outside support to the TVK government and help it retain its majority, have not joined the ruling party-led alliance. Instead, they are contesting the bypolls as a separate front.Candidates of the main opposition DMK, the AIADMK and the Tamil nationalist Naam Tamilar Katchi (NTK) are also in the fray.The Vanniyar-dominated PMK, which has considerable influence in several northern parts of the state, has not extended support to any party.A key opposition campaign plank is that the bypolls were not a natural outcome but were forced on voters after the TVK “lured AIADMK MLAs” to strengthen its numbers in the Assembly.AIADMK chief Edappadi K Palaniswami has already begun campaigning, seeking “justice” over what he has described as the betrayal.","Tamil Nadu minister Aadhav Arjuna launched a sharp attack on the DMK. He claimed that the party had underestimated his side and was now in a weak position. Bypolls to the Maduranthakam Assembly constituency in Chengelpet district, adjoining Chennai, will be held on October 6.","https://static.toiimg.com/thumb/msid-134532618,imgsize-53856,width-400,height-225,resizemode-4/file-photo.jpg"
India to attend SCO officials' meeting in Pakistan,https://timesofindia.indiatimes.com/india/india-to-attend-sco-officials-meeting-in-pakistan/articleshow/134526093.cms,"Pakistan to host SCO coordinators’ meet from Sept 28-30

Join conversation View All Comments → Share your thoughts in the comments Insightful Agree Disagree Skeptical Concerning Promising Worth Reading Big Development Post Comment Be respectful · TOI community guidelines

NEW DELHI:India will participate in a meeting of the Shanghai Cooperation Organisation (SCO) national coordinators that Pakistan will host on September 28-30, official sources said. The meeting is expected to approve the calendar of events under Pakistan’s presidency, leading up to the Council of Heads of State (CHS) summit for which Islamabad will soon send out invitations to the leaders of all member-states of the Eurasian bloc, including PM Narendra Modi.After joining the China-dominated grouping in 2017 as a full member, India has participated actively in various SCO mechanisms, with Modi representing India at the heads of state summits and external affairs minister S Jaishankar joining the heads of government meetings.Unlike with SAARC, India has ringfenced its involvement in SCO from outstanding bilateral differences with Pakistan, mainly the core issue of cross-border terrorism, while consistently reminding the Organisation that one of its original mandates was to fight terrorism, extremism and separatism. Government has backed SCO connectivity initiatives too but with the rider that these must respect sovereignty and territorial integrity of all States.India’s national coordinator Alok Dimri is expected to participate in the national coordinators’ meeting that will begin on Monday. Even without any substantive bilateral engagement for a decade, India and Pakistan have regularly seen their officials visiting each other’s country for SCO-related exercises and Jaishankar himself travelled to Pakistan in 2024 for the SCO heads of government meeting.However, the key question remains – even if it’s too early to ask – whether Modi will attend the summit in Islamabad next year. The SAARC summit process remains blocked because of the PM’s reluctance to travel to Pakistan and, barring a dramatic change in the situation, the PM is unlikely to visit Islamabad.According to Indian officials, any such change can only be effected by Islamabad through tangible and irreversible action against cross-border terrorism and UN-proscribed terror entities operating out of Pakistan. Government recently denied strongly that it is involved even in any track 2 dialogue with Islamabad.Pakistan had assumed presidency of the SCO at the Bishkek summit earlier this month. Modi said the same day in his address that countries that use terrorism as an instrument of state policy, providing shelter to terrorists, must be categorically told terrorism can never be a strategic asset for anyone.",India will participate in a meeting of the Shanghai Cooperation Organisation (SCO) national coordinators that Pakistan will host on September 28-30. The meeting is expected to approve the calendar of events under Pakistan’s presidency. Pakistan had assumed presidency of the SCO at the Bishkek summit earlier this month.,"https://static.toiimg.com/thumb/msid-134526118,imgsize-106450,width-400,height-225,resizemode-4/pakistan-prepares-for-sco-leaders-summit.jpg"
Medical fraternity can’t be assaulted says SC; sets aside bail granted by HC to Ramesh Mhatre,https://timesofindia.indiatimes.com/india/sc-stays-bombay-hc-order-of-bail-to-ramesh-mhatre/articleshow/134535430.cms,"Shiv Sena municipal corporator Ramesh Mhatre. (Photo: ANI)

Join conversation View All Comments → Share your thoughts in the comments Insightful Agree Disagree Skeptical Concerning Promising Worth Reading Big Development Post Comment Be respectful · TOI community guidelines

MUMBAI: Supreme Court on Monday stays the bail granted recently by Bombay high court to Shiv Sena municipal corporator Ramesh Mhatre,73, in a case of assault on civic hospital doctors and warned that members of the medical fraternity cannot be assaulted at will in such a manner.The SC directed him to surrender within three days.A bench of Justice Vikram Nath and Justice Sandeep Mehta were hearing a bail cancellation plea of The Maharashtra government which challenge the HC order ofThe bench orally cited the general and larger implications an assault on doctors in the medical fraternity. “Medical fraternity serves the people. They cannot be attacked in this manner,” the bench said.Appearing for Mhatre, senior counsel Siddharth Dave said for bail cancellation a higher standard was required. He pointed out that trial was underway before a Magistrate with two prosecution witnesses having deposed and a woman doctor to depose on October 3.Mhatre cooperated with the probe and trial the SC was informed.The maximum sentence under the law is five years’ imprisonment for the main offence in the case and there was no obstruction caused in the trial caused, Mhatre’s counsel also submitted.While acknowledging the concerns raised by the bench, the counsel submitted that as a “criminal case” evidence had to form the basis of the outcome.The State had referred to Mhatre’s antecedents while seeking cancellation of his bail.Dave, submitted that Mhatre had been acquitted in 18 of the 19 cases cited against him. “Call for the records of those cases also,” the Court immediately said.The SC had on September 7 concerns over the cases of assaults on doctors and hospital staff in Maharashtra and said they cannot be treated as routine law-and-order.The Bombay HC bench led by then Acting Chief Justice RV Ghuge had taken the matter suo motu observing the seriousness of the assaults. And on July 27 in its initial order come down on Mhatre and the police and Justice Ghuge had noted that Mhatre was arrested 48 hours after the alleged assault. “Why do you (Mhatre) behave like this? Why beat the public? They are your voters. Surprising that a person who goes to voters and says ‘vote for me, I want to serve you’. ..after winning, starts beating people,” he said while hearing pleas filed by the corporator and others seeking bail on any stringent condition HC deemed fit. “Even in public life, you are for the public, are here for the public.”On August 7 the Bombay HC had fast tracked their trial and granted bail to Shiv Sena corporator Ramesh Mhatre and three others accused behind bars in the July 6 assault on doctors including a woman doctor at a municipal hospital in Dombivli, but all four were to remain outside Maharashtra till the criminal trial begins.The HC had also framed a time-line for probe and prosecution to proceed swiftly and the time to be spent outside Maharashtra for all four would likely be a month.The endevour should be to complete trial in 3 months once charge is framed, the HC said.The ACJ Ghuge dictating the order in open court had said, “In a democracy an elected representative is by the people and for the people. If the elected representative is accused of assaulting his own voters, such a situation is bound to dent the fabric of democracy in this country and erode public confidence.’’Police arrested Mhatre on July 8 for allegedly slapping and punching a doctor and assaulting a resident medical officer. A local court granted him bail on July 14, while he was in a hospital. He was released but on July 18 the HC took up the matter suo motu and staying the bail order for all four, directed Mhatre to surrender. He did on July 19.","The Bombay HC had fast tracked their trial and granted bail to Shiv Sena corporator Ramesh Mhatre and three others accused behind bars in the July 6 assault on doctors including a woman doctor. The Bombay HC bench led by then Acting Chief Justice RV Ghuge had taken the matter suo motu observing the seriousness of the assaults. “Why do you (Mhatre) behave like this? Why beat the public? They are your voters,” Justice Ghuge said.","https://static.toiimg.com/thumb/msid-134535553,imgsize-32142,width-400,height-225,resizemode-4/dombivli-hospital-assault-shiv-sena-corporator-ramesh-mhatre-hospitalised-over-health-issues-following-arrest.jpg"
‘Speaker fully cognisant of three-month time-frame’: SC on Mamata faction plea against 10 rebel TMC MLAs,https://timesofindia.indiatimes.com/india/speaker-fully-cognisant-of-three-month-time-frame-sc-on-mamata-faction-plea-against-10-rebel-tmc-mlas/articleshow/134535342.cms,"Mamata Banerjee; Ritabrata Banerjee

Join conversation View All Comments → Share your thoughts in the comments Insightful Agree Disagree Skeptical Concerning Promising Worth Reading Big Development Post Comment Be respectful · TOI community guidelines

(With PTI inputs)

NEW DELHI: The Supreme Court on Monday said it has ""every reason to believe"" that the West Bengal assembly Speaker is ""fully cognisant"" of an order fixing a three-month time frame to decide petitions seeking disqualification of MLAs.The observations came from a bench comprising Chief Justice of India (CJI) Surya Kant and Justices Joymalya Bagchi and V Mohana during the hearing of a plea filed by Sohandeb Chattopadhyay, a senior MLA of the Mamata Banerjee-led Trinamool Congress (TMC) faction.Chattopadhyay had approached West Bengal assembly Speaker Rathin Bose on July 7, seeking the disqualification of 10 MLAs of the rebel group on the grounds that they had “acted against the party’s interests.""“We have every reason to believe that the speaker is fully cognisant of the decision of this court and he will make an endeavour to take an appropriate decision within the time-frame fixed,” PTI quoted the bench as saying. The bench was referring to a January 2020 Supreme Court order that set a three-month timeline for the-then Manipur assembly Speaker to decide a disqualification petition.“In this case, the three-month period would expire on October 10,” the bench added before disposing of the plea.The Supreme Court’s observations came days after the West Bengal assembly secretariat issued notices to the 10 MLAs aligned with the rebel TMC camp, seeking their replies within a week to a disqualification petition filed by the Mamata Banerjee-led faction.In his petition, Chattopadhyay sought directions for the Speaker to expeditiously decide the disqualification petition filed against the 10 legislators, including Ritabrata Banerjee, the leader of the opposition in the West Bengal assembly.Besides Ritabrata Banerjee, the notices were issued to Arup Roy, Firhad Hakim, Sandipan Saha, Akhruzzaman Ansari, Shiuli Saha, Sabina Yasmin, Biplab Mitra, Javed Khan and Rathin Ghosh.The TMC split following the West Bengal assembly elections in April, when the party was voted out of power after 15 years, paving the way for the BJP to form its first government in the state.The rebel faction claims to have the support of 65 of the 80 Trinamool MLAs elected in the polls.The confrontation has also spilled over into Parliament, with 20 Lok Sabha MPs aligned with the rebels quitting the TMC and joining the little-known Nationalist Citizens Party of India (NCPI), which has declared its support for the BJP-led NDA government at the Centre.","The Supreme Court said it has ""every reason to believe"" that the West Bengal assembly Speaker is ""fully cognisant"" of an order fixing a three-month time frame to decide petitions seeking disqualification of MLAs. The observations came from a bench comprising Chief Justice of India (CJI) Surya Kant and Justices Joymalya Bagchi and V Mohana.","https://static.toiimg.com/thumb/msid-134537225,width-400,height-225,resizemode-4/mamata-banerjee-ritabrata-banerjee.jpg"
Satya Niketan PG collapse: Owner seeks bail citing medical condition; court lists hearing for Sept 30,https://timesofindia.indiatimes.com/india/satya-niketan-pg-collapse-owner-seeks-bail-citing-medical-condition-court-lists-hearing-for-sept-30/articleshow/134533415.cms,"Earlier this month, a five-storey PG accommodation collapsed suddenly near Delhi's Satya Niketan.

Join conversation View All Comments → Share your thoughts in the comments Insightful Agree Disagree Skeptical Concerning Promising Worth Reading Big Development Post Comment Be respectful · TOI community guidelines

Owners failed to take safety precautions

NEW DELHI: Delhi’s Satya Niketan's owner on Monday has sought regular bail, citing his age and medical condition, with the Patiala House Court issuing notice on the plea.The court has also sought a medical report from the jail authorities before taking up the matter on September 30, news agency ANI reported.Owner Hari Ram Gupta is an accused in the September 6 collapse of the five-storey PG building in Satya Niketan that killed seven people. His earlier bail plea was rejected by the court, which observed that the investigation was still at an initial stage and the chargesheet had not yet been filed.The court also took note of the deaths, injuries and the fact that one victim was still critical at the time.In a status report filed before the Delhi High Court earlier, Delhi Police said the building owners failed to take adequate safety precautions during construction and repair work, allegedly creating a situation that endangered the lives of PG residents.Police said the building owner Urmila Gupta, her husband Hari Ram Gupta and their son Mahesh Gupta jointly managed the property. The police report also alleged that the premises were being used commercially without obtaining the required land-use conversion permission.Meanwhile, the Municipal Corporation of Delhi (MCD) has launched a major enforcement drive following the collapse.According to a compliance affidavit filed before the Delhi High Court, MCD demolished 543 properties and sealed 178 others for unauthorised construction between September 6 and September 23. It also issued 354 show-cause notices, including 205 sealing notices, and passed 98 demolition orders during the 17-day period.MCD said Property No. 14 in Satya Niketan, which collapsed, had never had a sanctioned building plan approved by the civic body.","Hari Ram Gupta is an accused in the September 6 collapse of the five-storey PG building in Satya Niketan. His earlier bail plea was rejected by the court, which observed that the investigation was still at an initial stage and the chargesheet had not yet been filed.","https://static.toiimg.com/thumb/msid-134534158,imgsize-203802,width-400,height-225,resizemode-4/a-five-storey-pg-accommodation-collapsed-suddenly-near-delhis-satya-niketan.jpg"
‘Beating his drum away’: Congress targets PM Modi for ‘ignoring’ rising inflation in Mann Ki Baat,https://timesofindia.indiatimes.com/india/beating-his-drum-away-congress-targets-pm-modi-for-ignoring-rising-inflation-in-mann-ki-baat/articleshow/134533399.cms,"Cong targets PM Modi for 'ignoring' inflation

Join conversation View All Comments → Share your thoughts in the comments Insightful Agree Disagree Skeptical Concerning Promising Worth Reading Big Development Post Comment Be respectful · TOI community guidelines

(With ANI inputs)

NEW DELHI: The Congress on Monday questioned Prime Minister Narendra Modi for not addressing rising inflation in his Mann Ki Baat radio address, accusing him of being “blissfully unconcerned” about the issue.The opposition party’s attack came a day after PM Modi addressed the nation in the 138th episode of Mann Ki Baat.“The brunt of inflation is no longer confined just to the kitchen, yet the Prime Minister remains blissfully unconcerned, beating his drum away. Vegetables are getting more expensive by the day, with onion prices soaring 48.27% in August. Items such as air conditioners, TVs and refrigerators are also set to become more expensive. Household savings are steadily declining, while family debt is mounting. In such a scenario, how is the common family supposed to meet its needs?” Congress MP Jairam Ramesh wrote on X.Ramesh questioned why PM Modi continues to “sermonise” in the Mann Ki Baat series instead of addressing the public’s concerns.“In his ‘Mann Ki Baat’ radio series, the Prime Minister keeps sermonising on various issues, but when will he address the country’s most pressing concern—inflation? When will he care about the public’s worries? The public is already beleaguered by rising prices, and there’s no relief coming from the government.How on earth is the average family supposed to manage its budget? How long will the middle class and the poor have their backs broken like this?” the Rajya Sabha MP asked.According to the Ministry of Statistics and Programme Implementation’s (MoSPI) Consumer Price Index (CPI) release, retail inflation, based on the 2024=100 CPI, stood at 4.82% in August, up from 4.45% in July. Food inflation, measured by the Consumer Food Price Index (CFPI), rose to 5.95% in August from 5.52% in July. The August figures are provisional.Official data showed that onion inflation surged from 22.54% in July to 48.27% in August. Ginger recorded inflation of 73.82%, while garlic inflation stood at 43.60%. In contrast, tomato prices fell 31.09% year-on-year, while potato prices declined 13.14%.MoSPI data showed inflation in the combined food and beverages category at 5.66% in August. Transport inflation stood at 4.60 percent, education services at 3.73%, while restaurants and accommodation services recorded inflation of 8.38%. Personal care, social protection and miscellaneous goods and services registered inflation of 15.17%.The CPI data was compiled from price information collected across 1,407 urban markets, including online markets, and 1,465 villages nationwide. MoSPI reported a 100% response rate from both rural and urban markets in August.According to MoSPI, the next CPI data, covering September, is scheduled to be released on October 12.","The opposition party’s attack came a day after PM Modi addressed the nation in the 138th episode of Mann Ki Baat. “The brunt of inflation is no longer confined just to the kitchen, yet the Prime Minister remains blissfully unconcerned, beating his drum away,” Congress MP Jairam Ramesh wrote.","https://static.toiimg.com/thumb/msid-134533678,imgsize-161535,width-400,height-225,resizemode-4/cong-targets-pm-modi-for-ignoring-inflation.jpg"
Lung cancer deaths down 16% with low-dose CT screening: IARC,https://timesofindia.indiatimes.com/india/lung-cancer-deaths-down-16-with-low-dose-ct-screening-iarc/articleshow/134531633.cms,"Lung cancer deaths can be reduced through low-dose CT screening, which can also help detect the disease before it reaches advanced stages in people at high risk, according to an IARC assessment.

Join conversation View All Comments → Share your thoughts in the comments Insightful Agree Disagree Skeptical Concerning Promising Worth Reading Big Development Post Comment Be respectful · TOI community guidelines

NEW DELHI: Low-dose computed tomography (CT) screening can cut the risk of dying from lung cancer by 16% in high-risk people, while also reducing the incidence of advanced stage III or IV disease, an International Agency for Research on Cancer (IARC) working group has found.Published in The New England Journal of Medicine, the assessment found established evidence that low-dose CT reduces lung cancer mortality when used in people at high risk based mainly on age and smoking history.IARC convened a working group of 23 clinicians and scientists from 17 countries, including Dr Abhishek Shankar of All India Institute of Medical Sciences, New Delhi, to assess the benefits and harms of lung cancer screening.The evidence mainly applies to people aged 50 to 80 with a substantial smoking history, typically at least 20 to 30 pack-years. Studies involving former smokers generally included those who had quit within the previous 10 to 15 years, with screening usually performed annually.In India, people aged 50 to 80 with at least 20 pack-years of smoking who are current smokers or quit within the past 15 years can contact the Indian Lung Screening Trial, led by Dr Abhishek Shankar at AIIMS, New Delhi, about screening.Dr Shankar has invited eligible people to contact him for screening under the trial.The evidence behind the finding came mainly from randomised trials. In the US National Lung Screening Trial, people screened with low-dose CT had a 16% lower relative risk of dying from lung cancer than those screened with chest X-rays at seven years. The European NELSON trial also found lower lung cancer mortality among men screened with low-dose CT at 10 years.Based on this evidence, the IARC group classified low-dose CT as Group A, indicating established evidence that it reduces lung cancer mortality and the incidence of stage III or IV disease. Chest X-rays, with or without sputum examination, were classified as Group C, as their ability to reduce lung cancer mortality could not be established.However, the review cautioned that low-dose CT screening is not meant for everyone. False-positive results ranged from 1% to 42% across studies, depending on the screening protocol. Among those with false-positive results, 5% to 32% underwent at least one invasive procedure, with complications occurring in 10% to 22% of such procedures.The review also estimated that 3% to 26% of lung cancers detected in randomised trials involving high-risk people could represent overdiagnosis, meaning cancers that might not have caused harm during the person's lifetime.The working group said effective lung cancer screening needs more than CT scanners, including systems for identifying eligible people, assessing risk, monitoring nodules, providing treatment and follow-up, along with smoking-cessation support. Organised programmes also require trained staff, quality assurance, adequate healthcare capacity and equitable access.","Low-dose computed tomography (CT) screening can cut the risk of dying from lung cancer by 16% in high-risk people. It can also reduce the incidence of advanced stage III or IV disease, according to an IARC assessment. The evidence mainly applies to people aged 50 to 80 with a substantial smoking history.","https://static.toiimg.com/thumb/msid-134531705,imgsize-57946,width-400,height-225,resizemode-4/sharp-rise-in-lung-cancer-among-women.jpg"
"No road agency, contractor penalised for death, disability due to design failures",https://timesofindia.indiatimes.com/india/no-road-agency-contractor-penalised-for-death-disability-due-to-design-failures/articleshow/134530048.cms,"Faulty road design can turn an everyday drive into a deadly crash.

Join conversation View All Comments → Share your thoughts in the comments Insightful Agree Disagree Skeptical Concerning Promising Worth Reading Big Development Post Comment Be respectful · TOI community guidelines

NEW DELHI: Even seven years after a penal provision was introduced to hold road contractors, designers and road-owning agencies accountable for crashes caused by faulty road design, construction or maintenance resulting in death or disability of victims, not a single agency has been penalised so far under this provision of Motor Vehicles Act Last week experts flagged this issue at a conference on the impact of amendments that govt made to the Motor Vehicles Act in 2019 while pointing out the need to carry out detailed and proper investigation into all serious crashes across all types of roads. However, there have been few instances where agencies and courts have pulled up road owning entities for failure on their part for serious crashes.Only this year, govt increased the penalty for agencies found responsible in such cases by 50 times -- from earlier provision of up to Rs 1 lakh “fine” to up to Rs 50 lakh “penalty” through an amendment to Jan Vishwas (Amendment of Provisions) Act.While fines can be imposed by courts after trial, which is a lengthy process, penalties can be levied directly by administrative, regulatory, or governing authorities for non-compliance without a court trial. Sources said this change is likely to have its impact on govt authorities taking action against agencies responsible for poor design, construction and maintenance where these factors resulted in a serious crash.Some officials of the state road owning agencies admitted that one of the biggest hurdles is establishing a direct causal link between a road engineering defect and a crash as in almost all cases multiple reasons contribute to accidents. This has resulted in accountability remaining confined largely to drivers, with agencies responsible for planning, constructing and maintaining roads escaping scrutiny.The MV Act amendments in 2019 specified that while imposing the fine, courts must consider the road’s design, expected traffic, applicable maintenance standards, the condition in which users could reasonably expect to find the road, whether the designated authority knew or should have known about the hazardous condition, and whether adequate warning signs had been displayed.","Not a single agency has been penalised so far under this provision of Motor Vehicles Act. Only this year, govt increased the penalty for agencies found responsible in such cases by 50 times. Some officials of the state road owning agencies admitted that one of the biggest hurdles is establishing a direct causal link between road engineering defect and a crash.","https://static.toiimg.com/thumb/msid-134530269,imgsize-248078,width-400,height-225,resizemode-4/e19a0757-7d7a-4a65-b12a-5cdf6ac928ba.jpg"
India to join SCO national coordinators meeting in Islamabad,https://timesofindia.indiatimes.com/india/india-to-join-sco-national-coordinators-meeting-in-islamabad/articleshow/134529901.cms,"Pakistan to host SCO coordinators’ meet from Sept 28-30

Join conversation View All Comments → Share your thoughts in the comments Insightful Agree Disagree Skeptical Concerning Promising Worth Reading Big Development Post Comment Be respectful · TOI community guidelines

India will participate in a meeting of the Shanghai Cooperation Organisation (SCO) national coordinators that Pakistan will host on September 28-30, official sources said. The meeting is expected to approve the calendar of events under Pakistan’s presidency, leading up to the Council of Heads of State (CHS) summit for which Islamabad will soon send out invitations to the leaders of all member-states of the Eurasian bloc, including PM Narendra Modi.After joining the China-dominated grouping in 2017 as a full member, India has participated actively in various SCO mechanisms, with Modi representing India at the heads of state summits and external affairs minister S Jaishankar joining the heads of government meetings.Unlike with SAARC, India has ringfenced its involvement in SCO from outstanding bilateral differences with Pakistan, mainly the core issue of cross-border terrorism, while consistently reminding the Organisation that one of its original mandates was to fight terrorism, extremism and separatism. Government has backed SCO connectivity initiatives too but with the rider that these must respect sovereignty and territorial integrity of all States.India’s national coordinator Alok Dimri is expected to participate in the national coordinators’ meeting that will begin on Monday. Even without any substantive bilateral engagement for a decade, India and Pakistan have regularly seen their officials visiting each other’s country for SCO-related exercises and Jaishankar himself travelled to Pakistan in 2024 for the SCO heads of government meeting.However, the key question remains – even if it’s too early to ask – whether Modi will attend the summit in Islamabad next year. The SAARC summit process remains blocked because of the PM’s reluctance to travel to Pakistan and, barring a dramatic change in the situation, the PM is unlikely to visit Islamabad.According to Indian officials, any such change can only be effected by Islamabad through tangible and irreversible action against cross-border terrorism and UN-proscribed terror entities operating out of Pakistan. Government recently denied strongly that it is involved even in any track 2 dialogue with Islamabad.Pakistan had assumed presidency of the SCO at the Bishkek summit earlier this month. Modi said the same day in his address that countries that use terrorism as an instrument of state policy, providing shelter to terrorists, must be categorically told terrorism can never be a strategic asset for anyone.",India will participate in a meeting of the Shanghai Cooperation Organisation (SCO) national coordinators that Pakistan will host on September 28-30. The meeting is expected to approve the calendar of events under Pakistan’s presidency. Islamabad will soon send out invitations to the leaders of all member-states of the Eurasian bloc.,"https://static.toiimg.com/thumb/msid-134529912,imgsize-106450,width-400,height-225,resizemode-4/pakistan-prepares-for-sco-leaders-summit.jpg"
UP man held in Pakistan spying case freed after 22 years,https://timesofindia.indiatimes.com/india/up-man-held-in-pak-spying-case-freed-after-22-yrs/articleshow/134529812.cms,"Agra court clears Jhansi man in 2004 spy case

A man from Jhansi , who was accused of being part of a Pakistan spy network in 2004 and spent a year in jail, has been acquitted by an Agra court due to ""insufficient evidence"". Jameel Ahmad, 50, out on bail, faced charges of cheating and criminal conspiracy. Implicated by two suspected Pak agents in police custody, Ahmad was in 2004 held with what cops claimed was a CD holding ""sensitive military info"". Court said the prosecution failed to prove his involvement and highlighted that the CD, a key evidence, was found broken into pieces when produced on record.","Jameel Ahmad, 50, out on bail, faced charges of cheating and criminal conspiracy. Ahmad was in 2004 held with what cops claimed was a CD holding ""sensitive military info"" Court said the prosecution failed to prove his involvement and highlighted that the CD, a key evidence, was found broken into pieces.","https://static.toiimg.com/thumb/msid-134529822,imgsize-124984,width-400,height-225,resizemode-4/20-years-on-jhansi-man-acquitted-in-alleged-pakistan-spy-network-case.jpg"
"Despite rainfall deficit, kharif acreage above 5-year average",https://timesofindia.indiatimes.com/india/despite-rainfall-deficit-kharif-acreage-above-5-year-average/articleshow/134529699.cms,"Join conversation View All Comments → Share your thoughts in the comments Insightful Agree Disagree Skeptical Concerning Promising Worth Reading Big Development Post Comment Be respectful · TOI community guidelines

NEW DELHI: Overall acreage of kharif (summer-sown) crops in the country declined by just over 1% this year compared with last year and while the dip was expected due to deficient monsoon rainfall this year, the sowing season still ended up recording higher than 'normal' (average of last five years) acreage. Though only marginally above the 'normal', it reflects tweaks in farmers' strategy if warning comes in advance.Latest acreage data shows total sown area at 1,107 lakh hectares (ha) as of Friday was 3 lakh ha more than 'normal' acreage (1,104 lakh ha) despite a cumulative deficit of 12% (June 1-Sept 26) in monsoon rainfall. In the same period in 2025, which recorded 8% more than normal (surplus) rainfall, total acreage was 1,121 lakh ha.The most popular kharif crop and one of the most water-intensive, paddy, reported a 3.6% decline in acreage compared with last year, but this was still 4.6% higher than the 'normal' acreage. Another guzzler, sugarcane, too reported higher acreage than its normal sown area, reflecting farmers' preference for crops which assure them of better returns, even as they had to depend on excessive use of groundwater, at the risk of high input cost.The real test of what rainfall deficit will entail, however, may be reflected in the yield of these crops, first estimates for which will soon be released by the Union agriculture ministry. The output of pulses (mainly pigeon peas), oilseeds (mainly soybean and groundnut), cotton and coarse cereals (mainly bajra and maize) may be a real concern due to deficient and skewed distribution of rainfall in the 'monsoon core zone' - the large part of central India and Bihar which depend on seasonal rains for farming in absence of adequate irrigation coverage.Floods in certain parts of Bihar and Assam, and drought in parts of Maharashtra and Karnataka may also negatively impact the overall output.Apprehending the impact of deficient monsoon rainfall on the rabi (winter-sown) crops due to low moisture content in the soil and shortage of water for irrigation, the agriculture ministry will discuss contingency measures at a two-day meet starting Monday.",Overall acreage of kharif (summer-sown) crops in the country declined by just over 1% this year compared with last year. The dip was expected due to deficient monsoon rainfall this year. But the sowing season still ended up recording higher than 'normal' (average of last five years) acreage.,"https://static.toiimg.com/thumb/msid-134529710,imgsize-282730,width-400,height-225,resizemode-4/despite-rainfall-deficit-kharif-acreage-above-normal.jpg"
'Use lowest effective dose of Nsaids': Fresh advisory on kidney risks of painkiller abuse,https://timesofindia.indiatimes.com/india/use-lowest-effective-dose-of-nsaids-fresh-advisory-on-kidney-risks-of-painkiller-abuse/articleshow/134529226.cms,"Health Ministry warns against misuse of painkillers, antibiotics over kidney disease risk.

Join conversation View All Comments → Share your thoughts in the comments Insightful Agree Disagree Skeptical Concerning Promising Worth Reading Big Development Post Comment Be respectful · TOI community guidelines

NEW DELHI: Central Drugs Standard Control Organisation (CDSCO) has issued a fresh advisory on rational consumption of painkillers and antibiotics, in view of their repeated use, without proper medical advice, putting people at the risk of kidney complications and other adverse effects.The drug regulator's circular says non-steroidal anti-inflammatory drugs (Nsaids) and antibiotics are prescription medicines under Drugs and Cosmetics Rules and should be used only when clinically indicated, at the appropriate dose and duration and under medical supervision. It has asked people not to take Nsaids, commonly used as painkillers, repeatedly or for a prolonged period without advice.Central Drugs Standard Control Organisation has also cautioned against self-medication with antibiotics and advised people with existing kidney disease or other risk factors for renal impairment to inform their doctor before taking Nsaids.Prof Sandeep Mahajan, nephrologist at AIIMS, said unregulated and prolonged use of painkillers can accelerate the decline in kidney function. ""All prescription medicines should be taken under the supervision of a qualified physician, with the prescribed dose and duration strictly followed.""CDSCO has advised doctors to use the lowest effective dose of Nsaids for the shortest appropriate duration, with extra caution in patients at risk of kidney injury. This comes against the backdrop of a substantial chronic kidney disease burden in India. A 2025 review of community-based studies estimated pooled chronic kidney disease prevalence at 13.24%, although estimates varied widely across regions and studies.","Health Ministry warns against misuse of painkillers, antibiotics over kidney disease risk. Central Drugs Standard Control Organisation has also cautioned against self-medication with antibiotics. Prof Sandeep Mahajan, nephrologist at AIIMS, said unregulated and prolonged use of painkiller can accelerate the decline in kidney function.","https://static.toiimg.com/thumb/msid-134529248,imgsize-103062,width-400,height-225,resizemode-4/health-ministry-warns-against-misuse-of-painkillers.jpg"
CBI arrests 2 for 11cr 'digital arrest loot',https://timesofindia.indiatimes.com/india/cbi-arrests-2-for-11cr-digital-arrest-loot/articleshow/134526237.cms,"CBI arrests two in a digital arrest scam that allegedly duped a Gujarat victim of Rs 11.4 crore over three months.

Join conversation View All Comments → Share your thoughts in the comments Insightful Agree Disagree Skeptical Concerning Promising Worth Reading Big Development Post Comment Be respectful · TOI community guidelines

NEW DELHI: Following Supreme Court's directions to investigate major ' digital arrest scam ' cases, CBI has arrested two individuals connected to a massive cyber fraud network that siphoned off Rs 11.4 crore from a Gujarat victim who was held under 'digital arrest' for three months.The victim was systematically coerced into transferring funds by criminals impersonating cops and officials from Trai.The arrests were made following coordinated raids across 22 locations in 10 states under Operation Chakra-VI, the agency's ongoing offensive against organised cyber crime syndicates. During searches, investigators identified Himanshu Prasad and Unis Biswas as key operatives tasked with receiving, layering and dispersing the crime proceeds.The duo allegedly routed Rs 2.5 crore of the stolen funds through the bank account of Hexaquest Global Pvt Ltd, subsequently transferring the money to multiple accomplice accounts to obscure the financial trail.Forensic examination of digital devices seized from the duo revealed their broader involvement in managing mule accounts and utilising malicious APK files to siphon off funds generated through various cyber frauds. CBI also recovered incriminating chats, banking documents, and account records that are being analysed to expose the syndicate's wider technological infrastructure and apprehend remaining members.","CBI arrests two in a digital arrest scam that allegedly duped a Gujarat victim of Rs 11.4 crore over three months. The victim was systematically coerced into transferring funds by criminals impersonating cops and officials from Trai. CBI also recovered incriminating chats, banking documents, and account records that are being analysed to expose the syndicate's wider technological infrastructure.","https://static.toiimg.com/thumb/msid-134526236,imgsize-66456,width-400,height-225,resizemode-4/cbi-arrests-2-for-11cr-digital-arrest-loot.jpg"
"BJP CMs counter-attack, demand opposition apology for its 'fabricated' campaign",https://timesofindia.indiatimes.com/india/bjp-cms-counter-attack-demand-oppn-apology-for-its-fabricated-campaign/articleshow/134526204.cms,"BJP steps up attack on Rahul Gandhi over SIR

Join conversation View All Comments → Share your thoughts in the comments Insightful Agree Disagree Skeptical Concerning Promising Worth Reading Big Development Post Comment Be respectful · TOI community guidelines

BJP stepped up its counterattack against opposition members, especially Rahul Gandhi , over their offensive against EC, as the party's CMs cited the poll body's clarification to accuse them of orchestrating a fabricated campaign.""Rahul Gandhi and INDI Alliance lied about SIR and they should apologise to people,"" UP CM Yogi Adityanath said.Maharashtra's Devendra Fadnavis, Assam's Himanta Biswa Sarma, Rajasthan's Bhajan Lal Sharma, Bihar's Samrat Choudhary and West Bengal's Suvendu Adhikari were among BJP's CMs who attacked the opposition, a day after BJP's allies hit out at Congress and its allies, as the governing alliance sought to project a picture of unity and cohesion.Fadnavis said, ""No votes have been stolen. Rahul Gandhi's mind has been stolen."" Rahul wanted to malign institutions under the guise of defending Constitution and create anarchy so that people lose faith in the system and the country can be pushed towards communist ideology, he alleged.Choudhary said the campaign was taking place because the opposition was unable to carry out ""booth capturing"".","BJP steps up its counterattack against opposition members, especially Rahul Gandhi. CMs cited the poll body's clarification to accuse them of orchestrating a fabricated campaign. UP CM Yogi Adityanath said Rahul Gandhi and INDI Alliance lied about SIR and they should apologise.","https://static.toiimg.com/thumb/msid-134526221,imgsize-39312,width-400,height-225,resizemode-4/bjp-hits-back-at-rahul-gandhi-over-ec-row-yogi-says-opposition-should-apologise.jpg"
