Article Title,Article Link,Article Text,Article Summary,Article Image
'Feels like a dream': An Se-young completes badminton's golden sweep with Asian Games triumph over Akane Yamaguchi,https://timesofindia.indiatimes.com/sports/asian-games-2026/feels-like-a-dream-an-se-young-completes-badmintons-golden-sweep-with-asian-games-triumph-over-akane-yamaguchi/articleshow/134561100.cms,"Gold medalist South Korea's An Se-young (AP Photo)

An leaves Yamaguchi chasing shadows

Join conversation View All Comments → Share your thoughts in the comments Post Comment Be respectful · TOI community guidelines

South Korea's An Se-young gestures after her win against Japan's Akane Yamaguchi. (AP Photo)

From controversy to another major title

An Se-young added another glittering chapter to her extraordinary career on Tuesday, defeating Japan’s three-time world champion Akane Yamaguchi 21-17, 21-9 to win Asian Games gold and underline her status as the world’s No. 1-ranked female badminton player.The South Korean star has now collected virtually every major prize the sport has to offer. Already a Paris Olympic champion and two-time world champion, An has added a second Asian Games gold medal to her collection, further strengthening her extraordinary claim to the top of the women’s game.An dropped to her knees after sealing victory, before arching backwards and looking skyward in an emotional celebration.“It feels like a dream,” An said. “I am so happy and I'm overwhelmed with emotion as I think back to all the hard work I've put in.”The final was a demonstration of An’s athleticism, court coverage and relentless pressure. She repeatedly used the full width and depth of the court, forcing Yamaguchi into long, exhausting movements before finding openings to finish points.“I decided to approach the match with the aim of making my opponent feel rushed and forcing her to move around a lot,” An said.Yamaguchi, a three-time world champion, struggled to match An’s pace in the second game as the South Korean surged away to a commanding 21-9 victory.An had earlier defeated China’s Chen Yufei in the semifinals, extending her winning streak against her Chinese rival to five matches.An’s journey to the top has also included difficult moments. After winning Olympic gold in Paris, she criticised South Korea’s national training system, saying she had been forced to play through a knee injury and questioning some training methods. She later backed away from her threat to pursue an independent path.But on the court, An’s response has been emphatic. With another Asian Games title secured, the 24-year-old has once again demonstrated why she sits at the summit of women’s badminton.","An Se-young defeated Japan’s three-time world champion Akane Yamaguchi 21-17, 21-9 to win Asian Games gold. The South Korean star has now collected virtually every major prize the sport has to offer.","https://static.toiimg.com/thumb/msid-134561137,imgsize-128951,width-400,height-225,resizemode-4/an-se-young.jpg"
"RCA polls narrow to two-way battle as Dhananjai Singh Khimsar, Brij Kishore Upadhyay face off",https://timesofindia.indiatimes.com/sports/cricket/news/rca-polls-narrow-to-two-way-battle-as-dhananjai-singh-khimsar-brij-kishore-upadhyay-face-off/articleshow/134553629.cms,"RCA elections enter final stretch with Khimsar, Upadhyay locked in presidential battle

Join conversation View All Comments → Share your thoughts in the comments Post Comment Be respectful · TOI community guidelines

Poll Vote & Share your view What outcome do you expect from the RCA elections? A clear winner with a majority A closely contested result An unexpected result 3k+ users shared opinion today 5k+ users already voted today 3k+ users shared opinion today Share Opinion

Jaipur: The race for the Rajasthan Cricket Association (RCA) presidency reached a dramatic crescendo following the withdrawal of nominations on Monday, with the candidate field narrowing down to a high-stakes showdown between Dhananjai Singh Khimsar and Brij Kishore Upadhyay.Electoral officer AK Pande confirmed that 18 nominations were withdrawn out of the 30 initially received, leaving 12 candidates in the fray for six executive posts. With exactly two contenders remaining per seat, straight head-to-head battles have been drawn across the board.RCA insiders suggest the odds currently favour Jodhpur District Cricket Association (DCA) president Khimsar, whose ‘resilience’ and ‘institutional knowledge’ have kept him at the centre of state cricket affairs for years.He was on the verge of claiming the presidency in 2024 before the process was disrupted, and he has maintained a consistent presence on every ad-hoc committee formed to manage RCA operations between 2024 and 2026.However, the opposition is far from subdued. “Upadhyay's (Dausa DCA secretary) entry into the race has injected fresh drama, particularly when he arrived to file his nomination papers accompanied by veteran leader and finance commission chairman Arun Chaturvedi, a prominent figure close to the chief minister, which political insiders suggest indicates govt backing.That said, Khimsar also possesses immense political weight, being the son of the state’s health minister Gajendra Singh Khimsar. Also, let’s not forget that Dhananjai’s extended family shares a strong connection with an influential Central minister,” a source said.Party insiders pointed towards how these elections also bring to light deeper internal factions within the BJP. Earlier, three distinct groups within the party ecosystem were fighting the polls. Following Parakram Singh Rathore’s exit, the contest has condensed into a ‘direct battle between the two remaining camps’.The dynamics of the presidential race have altered now. “Parakram withdrew due to a lack of political support, as he was reportedly running solely on the legacy of his father, former Leader of Opposition Rajendra Singh Rathore, rather than building a broader consensus. And district cricket associations like Bharatpur, Dholpur and Dausa also kept him under the impression that they were in his support, but in reality they were not,” added another source.The competitive spirit extends across the entire ballot, with straight contests shaping up for all executive positions. Mohit Yadav will face Ratan Singh Shekhawat for the vice-president's role, while also squaring off against Pinkesh Kumar Jain for the secretary's position. Administrative continuity defines the joint secretary race, where Vinod Saharan will compete against Rajesh Saraswat, and Ashish Tiwari and Vishnu Prakash Agarwal will battle for the treasurer's post.The executive member contest will be decided between Aristh Singhvi and Dharamveer Singh Shekhawat.","Dhananjai Singh Khimsar and Brij Kishore Upadhyay locked in presidential battle. 18 nominations were withdrawn out of the 30 initially received, leaving 12 candidates in the fray for six executive posts. Straight head-to-head battles have been drawn across the board.","https://static.toiimg.com/thumb/msid-134553633,imgsize-112746,width-400,height-225,resizemode-4/rca-elections-enter-final-stretch-with-khimsar-upadhyay-locked-in-presidential-battle.jpg"
"After four decades, top-tier cricket returns to Srinagar with Irani Cup showdown",https://timesofindia.indiatimes.com/sports/cricket/news/after-four-decades-top-tier-cricket-returns-to-srinagar-with-irani-cup-showdown/articleshow/134553660.cms,"Srinagar’s Sher-i-Kashmir Stadium

Join conversation View All Comments → Share your thoughts in the comments Post Comment Be respectful · TOI community guidelines

Poll Vote & Share your view What aspect of the Irani Trophy match are you most looking forward to? Historic significance High-profile cricket in Srinagar The venue improvements 3k+ users shared opinion today 5k+ users already voted today 3k+ users shared opinion today Share Opinion

For four decades, the story of top-tier cricket at the Sher-i-Kashmir Stadium lived in archivist notes and yellowed newspaper clippings. The venue’s international history is brief but historic. On October 13 1983, it hosted its first One Day International between India and the West Indies, a game infamous for pitch disruptions during the lunch interval, followed by rain and dust storms where Desmond Haynes’s unbeaten 55 sealed a revised victory for the visitors.Three years later, on September 9, 1986, Allan Border’s match-winning 90 not out eclipsed Sunil Gavaskar’s 52 off 56 balls as Australia edged India by three wickets.While an Irani Cup fixture in Srinagar may not carry the international label of those 1980s ODIs, hosting domestic cricket’s premier red-ball tournament marks the most significant high-profile showcase the state has seen in generations. The occasion is made sweeter by the team’s meteoric rise as Jammu and Kashmir, created history last season by winning their maiden Ranji Trophy title after a 67-year wait, defeating powerhouse Karnataka in the final.​Sensing excitement around the five-day match, the J&K Cricket Association (JKCA) is working around the clock to ensure the venue is fully upgraded.​Speaking about the extensive preparations underway, head of cricket operations Majid Dar told TOI, ""Basically, this ground was not meant for live matches, but the BCCI had already sent a team for a recce in advance, one-and-a-half months back. They gave us a checklist of certain requirements like broadcasting rooms, camera towers, and a few other things. We were able to fulfill those requirements on time, and we are ready to host the match. ""​Reflecting on the historical milestone, Dar added, ""This is history. Such a big event is taking place after three to four decades. It is a massive boost for cricket lovers and cricketers of the Valley. We are very excited to host the Irani Trophy for the first time,"" he said.​To handle the expected surge of spectators, seating arrangements have been installed around the perimeter. ""Currently, the seating capacity of the ground was around 2000 to 2500. We have increased it now, making it a total seating arrangement for 5000 people,"" Dar explained. ""We do not want the venue to get overcrowded; we want to keep the situation controlled. Everyone who enters the ground should have the tickets for the match as there will be tight security in place.Entry to the ground will be strictly regulated, with tickets issued free of cost to fans on a first-come, first-served basis. ""We will distribute passes for the general public on a first-come, first-served basis, while some seats are allocated for invitees and personal guests. Passes will be issued on Sept 30 from 1:00pm to 4:00pm at the stadium premises upon verification of an Aadhaar card or one more valid ID proof,"" Dar added.​Beyond temporary spectator facilities, the JKCA has built lasting infrastructure to support high-profile broadcasts. ""The broadcasting room was not there earlier, so we created a broadcasting room in a short span of time. These structures are not makeshift, they are built to stay as we have two live games scheduled. We have also set up dedicated rooms for match officials, renovated the dressing rooms, and erected TV towers required for the live broadcast,"" Dar said.",Sher-i-Kashmir Stadium in Srinagar will host the Irani Trophy match. The ground hosted its first One Day International on October 13 1983. The J&K Cricket Association is working around the clock to ensure the venue is fully upgraded.,"https://static.toiimg.com/thumb/msid-134554286,imgsize-77900,width-400,height-225,resizemode-4/srinagars-sher-i-kashmir-stadium.jpg"
‘The Indian bowlers are incredibly accurate’: Peter Handscomb on the challenge of facing India,https://timesofindia.indiatimes.com/sports/cricket/news/the-indian-bowlers-are-incredibly-accurate-peter-handscomb-on-the-challenge-of-facing-india/articleshow/134554477.cms,"Peter Handscomb

Join conversation View All Comments → Share your thoughts in the comments Post Comment Be respectful · TOI community guidelines

Poll Vote & Share your view In your opinion, what is the biggest challenge for foreign players in India? Adapting to spin High-pressure environment Understanding local conditions 3k+ users shared opinion today 5k+ users already voted today 3k+ users shared opinion today Share Opinion

Chennai: There was a time when Peter Handscomb felt Test cricket had exposed the limitations of his game. The 35-year-old batter is back in India with a technique and mindset shaped by years of adjustment.Handscomb, who is leading the Australia ‘A’ side, did not have the ideal start in the first unofficial Test against India ‘A’ in Puducherry. But for the veteran batter, the tour is as much about the present as it is about keeping an eye on the future.Handscomb has played 11 Tests against India and believes the key is not simply to attack but to identify scoring opportunities against accurate bowling.“You’ve got to attack when you get the opportunity to score, but it is tough,” Handscomb told TOI ahead of the second ‘Test’ that starts on Tuesday. “The Indian bowlers are incredibly accurate, consistent and don’t give a lot of bad balls. You’ve got to try and find a way to score off good balls. It can be tough when the ball misbehaves, but that’s the challenge of playing in India.”More than half of his Test matches have come against India.“It’s tough to keep coming up against India, but it’s also such an amazing thing to do,” he said. “There are some of the best players in the world here and I’m lucky enough to have played against some of them.”",Peter Handscomb has played 11 Tests against India. The 35-year-old is leading the Australia ‘A’ side in the first unofficial Test. Handscomb believes the key is not simply to attack but to identify scoring opportunities against accurate bowling.,"https://static.toiimg.com/thumb/msid-134554515,imgsize-52586,width-400,height-225,resizemode-4/sheffield-shield-vic-v-qld-day-3.jpg"
PT Usha’s 42-year reign ends: How Vithya Ramraj finally broke India’s 400m hurdles mark,https://timesofindia.indiatimes.com/sports/asian-games-2026/pt-ushas-42-year-reign-ends-how-vithya-ramraj-finally-broke-indias-400m-hurdles-mark/articleshow/134555080.cms,"Vithya Ramraj

""I knew she would peak in this competition. I was almost sure that she would do sub 54.5, but it was 54.7. But it is okay because, without progression, you cannot perform at that big level. Atthe Delhi meet on Sep 10,she fell down from a hurdle;otherwise, we were expecting around 55s there and then the progression from there (to the National record).” —Nehpal Singh | VITHYA’S COACH

Still way behind

Join conversation View All Comments → Share your thoughts in the comments Post Comment Be respectful · TOI community guidelines

Bengaluru: For more than four decades, PT Usha ’s 55.42 seconds remained the gold standard for India’s women’s 400m hurdlers. Very few athletes matched her class, and even fewer had the grit to put in the hard yards and challenge the magical number, while many others simply found it insurmountable.Even as the new millennium dawned, India’s top women hurdlers struggled to dip below the one-minute mark. That time was clocked at the 1984 Los Angeles Olympics, when Usha lost the bronze by milliseconds.It was an achievement that put her on the same pedestal as ‘Flying Sikh’ Milkha Singh, who also came close to a bronze in the men’s 400m at the 1960 Rome Olympics.As India enters the cycle for the 2028 Los Angeles Games, the national mark which became nearly permanent has been erased. Fittingly, the ‘Payyoli Express’ has been overtaken by the Coimbatore Super Fast. Vithya Ramraj had earlier equalled the mark three years ago in the heats at the Hangzhou Asiad.When asked why it took so long for Usha’s record to be erased, experts agreed that Usha had set the bar very high, very early in a highly demanding event.“The time clocked in 1984 was world class. PT Usha was a generational talent and she had the talent to go even faster.Then we hardly had athletes of that calibre,” said noted coach PB Jaikumar.Jaikumar trained Anu Raghavan for many years, leading to her winning the bronze at the 2010 Asiad. The 33-year-old, returning to the Asiad after a 14-year gap, clocked her personal best time of 55.88s in Nagoya and finished a creditable fifth on Monday.“It’s a highly technical event, where you need both speed and the technique to fly over the 10 hurdles. We have produced very few athletes of Usha’s calibre over the decades, which is why the record stood for so long,” added Jaikumar.Experts also felt that the athletics federation’s focus on making a quality 4x400m relay squad was another reason for the record to stay for so long.“We had quite a few top-class 400m runners but very few of them did well in the individual events like the 400m or 400m hurdles. The moment they began to impress, coaches eyed including them in the relay squad and over the years, priorities shifted from individual events to the relay,” another national coach said.Jaikumar also said India still has a long way to catch up with the current world standards despite lowering the record below 55 seconds.“It’s a big feat to break a 42-year-old record but you can’t read too much into it. The new record will still place Vithya among the 35-40 fastest in the world. That shows how far we have to catch up. The main takeaway should be the confidence for our athletes that all records can be broken, provided they keep working hard.“We know our athletes don’t stand much of a chance in the Olympics, so we should target the Asian Games. We should train in such a way that our athletes achieve their personal best at these Games. Count how many of our athletes achieved their personal bests at these Games. Count how many of our athletes achieved their personal bests in Nagoya,” Jaikumar signed off.","Vithya Ramraj clocked her personal best time of 55.88s in Nagoya. The 33-year- old had earlier equalled the mark three years ago in the heats at the Hangzhou Asiad. The time was clocked at the 1984 Los Angeles Olympics, when Usha lost the bronze.","https://static.toiimg.com/thumb/msid-134555106,imgsize-156800,width-400,height-225,resizemode-4/records-are-meant-to-be-broken-pt-usha-congratulates-vithya-ramraj-on-breaking-her-long-standing-record.jpg"
"Murali Sreeshankar twists ankle, refuses wheelchair and returns to win Asian Games silver",https://timesofindia.indiatimes.com/sports/asian-games-2026/murali-sreeshankar-twists-ankle-refuses-wheelchair-and-returns-to-win-asian-games-silver/articleshow/134555315.cms,"India's Murali Sreeshankar (PTI Photo)

Podium in javelin

Double silver for Gulveer

Join conversation View All Comments → Share your thoughts in the comments Post Comment Be respectful · TOI community guidelines

Parul makes it two in two days

Nagoya: The image of Indian long jump ace Murali Sreeshankar twisting his ankle on his fourth jump on a rain-swept Monday night at the Mizuho Park Athletic Stadium will be a tough one to forget.As the 27-year-old landed awkwardly on his right leg and writhed in pain, memories of the ruptured left patellar tendon that ruled him out of the Paris Olympics and kept him out of the sandpit for almost two years came flooding back. He limped out with the help of medical staff and was offered a wheelchair, which he refused. Even when the medical team advised him not to return, he shrugged them off.He did not need to take his next two attempts. He had already breached the eight-metre mark with his second jump of 8.07m, enough to fetch him silver and a repeat of his podium finish from the previous edition. China’s Yuhao Shi, with a season’s best of 8.17m, took gold. The other Indian in the field, Solomon Patturaj (7.70m), finished seventh.Once his medal was confirmed, Sreeshankar, who won silver at the Glasgow Commonwealth Games, limped over to collect the Indian flag, wrapped himself in the tricolour and celebrated briefly before heading off for treatment.It was a productive day for India in athletics, with the team picking up three silver and three bronze medals.The javelin competition was without Neeraj Chopra, but India did not miss out on a podium finish. In fact, there were two.Yashvir Singh saved his best for last, clinching silver with a season’s best of 85.72m. Fancied Sri Lankan Rumesh Pathirage, in red-hot form, continued his rich vein of form to take gold with 88.55m, while Rohit Yadav completed the podium with 84.35m.Olympic champion Arshad Nadeem from Pakistan, who is going through a lean patch, managed an underwhelming 80.29m, which was incidentally his season’s best.Pathirage, who has breached the 90m mark three times this year, took some time to find his rhythm in the testing conditions, allowing Yashvir to take the lead. But with his fourth attempt of 88.33m, the 23-year-old Sri Lankan moved ahead and only got better from there.Gulveer Singh, who won silver in the 10,000m three days ago, returned to claim another silver in the 1500m with a personal best of 3:36.72.Gulveer never fell behind in the race and briefly took the lead at the 200m bend, but Japan’s Kazuto Iizawa produced a late burst in the home stretch to take gold in a Games record 3:36.35.Gulveer later admitted he had not paced the race well enough.“I wanted to do better, but I’m glad I could win a medal. I was pacing according to the long-distance running, but he (Iizawa) took off and I couldn’t keep pace,” said the 28-year-old.Parul Chaudhary, who took silver in the 3000m steeplechase on Saturday, delivered another strong performance to settle for bronze in the 5000m.Parul looked set for silver but could not produce the final push and clocked 15:14.61.The day’s biggest disappointment came in the men’s 3000m steeplechase, where defending champion Avinash Sable finished fourth in 8:21.67. Sable, returning from injury and having said he was peaking for the Games, looked off the pace for much of the race.There was also heartbreak for the women’s 4x100m relay team, which finished fourth despite clocking a season’s best. The quartet of Abinaya Rajarajan, Sneha Sathyanarayana, Sudeshna Shivankar and Tamanna timed 43.57 seconds.",Long jump ace Murali Sreeshankar twisted his ankle on his fourth jump. The 27-year-old landed awkwardly on his right leg and writhed in pain. He limped out with the help of medical staff and was offered a wheelchair. China’s Yuhao Shi took gold.,"https://static.toiimg.com/thumb/msid-134555351,imgsize-195804,width-400,height-225,resizemode-4/asian-games-2026-athletics.jpg"
NorthEast United eye another statement win as Mohun Bagan await in IFA Shield,https://timesofindia.indiatimes.com/sports/football/top-stories/northeast-united-eye-another-statement-win-as-mohun-bagan-await-in-ifa-shield/articleshow/134555402.cms,"Coach Juan Pedro Benali and scorer in last game, Jithin MS, during training (NEUFC)","Coach Juan Pedro Benali and scorer in last game, Jithin MS, during training (NEUFC) Benali: ""We are not going to give up. We are going to win this game"" Benali says. ""We have to win the game. That is our aim""","https://static.toiimg.com/thumb/msid-134555427,imgsize-1031927,width-400,height-225,resizemode-4/untitled-design-49.jpg"
Neeru Dhanda leads India to women’s trap team silver at Asian Games,https://timesofindia.indiatimes.com/sports/asian-games-2026/neeru-dhanda-leads-india-to-womens-trap-team-silver-at-asian-games/articleshow/134555428.cms,"India’s Neeru Dhanda celebrates after helping the women’s trap team win silver at the 2026 Asian Games in Nagoya. Dhanda also qualified for the individual final after finishing joint-second in qualification with a score of 118/125.

Join conversation View All Comments → Share your thoughts in the comments Post Comment Be respectful · TOI community guidelines

Neeru Dhanda produced a composed and consistent display on the range to lead India to a silver medal in the women’s trap team event at the Asian Games here on Tuesday.Neeru, Aashima Ahlawat and Manisha Keer combined for 328 points to finish second behind China, which won gold with 346. Kuwait took bronze with 325.The medal was built around a strong individual showing from Neeru, who finished the qualification round with 118 hits out of 125. She was joint-first in the individual standings and also qualified for the individual final.Neeru began with 24 hits in the opening round and followed it with a perfect 24 in the second round. She added 24 in the third, 23 in the fourth and 23 in the fifth to finish on 118. Only Qatar's Ray Bassil, also on 118, was ahead on the ranking tiebreak.Aashima finished with 106, while Manisha contributed 104 as the Indian trio accumulated 328 points. Aashima's scores across the five rounds were 20, 22, 23, 19 and 22, while Manisha shot 19, 21, 22, 22 and 20.China's gold-medal winning trio finished on 346, with their five-round totals reading 65, 71, 70, 72 and 68. Kuwait completed the podium with 325.For India, the silver adds another medal to its shooting campaign at the Aichi-Nagoya Games. It is also India's second Asian Games medal in the women's trap team event, after the silver won at Hangzhou in 2023 by Manisha Keer, Rajeshwari Kumari and Preeti Rajak.The medal also takes India's shooting haul at the 2026 Asian Games to 13 medals, while India's overall tally moves to 46 medals.But the immediate focus will now turn to Neeru. Having already put together one of the strongest qualification performances in the field, she will return for the individual final with an opportunity to add another medal to India's tally.","Neeru, Aashima Ahlawat and Manisha Keer combined for 328 points to finish second behind China, which won gold with 346. Dhanda also qualified for the individual final after finishing joint-second in qualification with a score of 118/125.","https://static.toiimg.com/thumb/msid-134555507,imgsize-100144,width-400,height-225,resizemode-4/neeru-dhanda-celebrates-indias-womens-trap-team-silver.jpg"
Shapath Bharadwaj survives tense shoot-off to reach trap shooting final at Asian Games,https://timesofindia.indiatimes.com/sports/asian-games-2026/shapath-bharadwaj-survives-tense-shoot-off-to-reach-trap-shooting-final-at-asian-games/articleshow/134556226.cms,"India's Shapath Bharadwaj (PTI Photo)

India add another shooting medal

Join conversation View All Comments → Share your thoughts in the comments Post Comment Be respectful · TOI community guidelines

India’s Shapath Bharadwaj booked his place in the men’s individual trap shooting final after surviving a tense three-way shoot-off at the Asian Games on Tuesday.Shapath finished joint-seventh in qualification with 117 points, forcing him into a shoot-off against Qatar’s Mohammed Al-Rumaihi and Kazakhstan’s Alisher Aisalbayev for the two remaining places in the final.The Indian held his nerve in the decider, edging Al-Rumaihi to seal his place in the medal round.Kynan Chenai, who won bronze at Hangzhou 2023, finished 16th with 115 points, while Ahvar Rizvi ended 32nd with 107. Both missed out on qualification for the individual final.The result gave Shapath a chance to fight for a medal, although India’s men’s trap team could not make the podium.Shapath, Kynan and Ahvar combined for 339 points to finish sixth in the team event.Earlier, India’s women’s trap team of Neeru Dhanda, Aashima Ahlawat and Manisha Keer secured silver, taking the country’s shooting medal tally to 13.The Indian trio accumulated 328 points after three days of the 125-shot qualification round to finish second and hold off Kuwait’s challenge.China won the gold medal with an aggregate of 346, while Kuwait took bronze with 325.Neeru also progressed to the women’s individual final after finishing joint-top in qualification with 118 points.Aashima and Manisha, however, could not make the final. Aashima scored 106 to finish 16th, while Manisha registered 104 and ended 23rd.India’s 13 shooting medals include just one gold so far. Kamaljeet and Suruchi Singh claimed that title in the mixed 10m air pistol event with a stellar performance.Overall, India’s medal tally at the ongoing Asian Games stands at 46, comprising four gold, 21 silver and 21 bronze medals.","Shapath Bharadwaj booked his place in the men’s individual trap shooting final after surviving a tense three-way shoot-off at the Asian Games on Tuesday. India's women's trap team of Neeru Dhanda, Aashima Ahlawat and Manisha Keer secured silver, taking the country's shooting medal tally to 13.","https://static.toiimg.com/thumb/msid-134556291,imgsize-87768,width-400,height-225,resizemode-4/asian-games-2026-shooting.jpg"
Asian Games: Ankush Panghal rallies from behind to stun Uzbek world champion and reach gold-medal bout,https://timesofindia.indiatimes.com/sports/asian-games-2026/asian-games-ankush-panghal-stuns-uzbek-world-champion-with-comeback-to-reach-gold-medal-bout/articleshow/134558280.cms,"Ankush Panghal (IANS Photo)

Ankush turns the tide after losing opening round

Join conversation View All Comments → Share your thoughts in the comments Post Comment Be respectful · TOI community guidelines

Parveen Hooda also enters final

NEW DELHI: India’s Ankush Panghal produced a stirring comeback to stun reigning world champion Fazliddin Erkinboev of Uzbekistan and storm into the men’s 80kg gold-medal bout at the Asian Games on Tuesday.Ankush was up against it after dropping the opening round. But the Indian boxer fought back in the second. He then turned the semifinal on its head with a commanding final round, sweeping all five judges’ cards to seal the 4-1 victory.The win sends Ankush into the final and gives India another chance to add to its boxing medal tally. His performance was built on a strong finish after a difficult start, as he stayed in the contest and raised his intensity when the bout was on the line.The semifinal began with Fazliddin taking control, earning a 4-1 verdict in the first round. Ankush needed a response to keep his gold-medal hopes alive, and delivered one in the second, which he won 3-2 on the judges’ cards.With the contest finely balanced heading into the third, Ankush produced his best boxing of the bout. He dominated the final round and secured a unanimous 5-0 verdict, completing the comeback against the reigning world champion.Earlier, India’s Parveen Hooda advanced to the women’s 65kg gold-medal bout after defeating China’s Li Shu 5-0 in her semifinal.Parveen’s progress marks an improvement on her bronze-medal finish at the previous Asian Games in Hangzhou. That medal was later taken away after the International Testing Agency suspended her for 22 months over a whereabouts failure.Indian boxers have already surpassed their four-medal haul from the previous edition, with six pugilists having secured entries into medal rounds at these Games. Narender Berwal, the bronze medallist from Hangzhou in the men’s +90kg category, was also scheduled to fight later on Tuesday for a place in the final.",Ankush Panghal stuns world champion Fazliddin Erkinboev of Uzbekistan. Indian boxer turns the tide after losing opening round of 80kg bout. Parveen Hooda also enters final of women's 65kg gold-medal bout.,"https://static.toiimg.com/thumb/msid-134558337,imgsize-46504,width-400,height-225,resizemode-4/ankush-panghal.jpg"
Delhi Capitals cricketer back in squad ahead of Ranji Trophy days after bail in sexual offence case,https://timesofindia.indiatimes.com/sports/cricket/news/delhi-capitals-cricketer-back-in-squad-ahead-of-ranji-trophy-days-after-bail-in-sexual-offence-case/articleshow/134558869.cms,"Delhi Capitals' Abhishek Porel

Join conversation View All Comments → Share your thoughts in the comments Post Comment Be respectful · TOI community guidelines

Bengal squad:

Abishek Porel has been included in Bengal’s senior men’s squad for practice matches against Assam at the ACA Stadium in Guwahati, marking his return to the state side after his arrest in a case involving allegations of rape and other sexual offences.The Cricket Association of Bengal (CAB) announced the squad on Tuesday, with Sudip Chatterjee named captain. The Bengal team is scheduled to leave Kolkata on September 30 and return on October 6 as preparations begin for the 2026 Ranji Trophy season.Porel, who plays for Delhi Capitals in the Indian Premier League, has not featured in competitive cricket since IPL 2026, where he played four matches.The wicketkeeper-batter was arrested by Kolkata Police on August 11 following a complaint filed by a young medical student. The FIR was registered at Magra Police Station on June 30.The complainant alleged that Porel had sexual relations with her on the promise of marriage. She also accused him of threatening to make intimate photographs of her public and alleged that she was forced into a physical relationship.Porel denied the allegations before his arrest.The cricketer was booked under 19 sections of the Bharatiya Nyaya Sanhita, with most of the charges being non-bailable.Sections of the Information Technology Act were also included in the case.Porel spent more than a month in jail before being granted bail on September 18 in cases including rape and having sexual relations on the promise of marriage.The legal proceedings had come before the Calcutta High Court on August 11, when Magra Police informed Justice Sougat Bhattacharyya about Porel’s arrest. He was subsequently produced before the Chinsurah court, where the judge directed the police to examine electronic devices in his possession.Police later arrested another friend of Porel as well as the woman complainant in connection with the case.Porel’s selection in the Bengal squad comes just over a week after he was granted bail and puts him back in the state setup ahead of the new domestic season.Sudip Chatterjee (Captain), Abhimanyu Easwaran, Ankur Paul, Ankit Shukla, Sumanta Gupta, Subham Chatterjee, Abishek Porel (W.K.), Shakir Habib Gandhi (W.K.), Pradipta Pramanik, Karan Lal, Aamir Gani, Soummyadip Mandal, Suraj Sindhu Jaiswal, Md. Kaif, Geet Puri, and Ishan Porel.",Abishek Porel included in Bengal's senior men's squad for practice matches against Assam. Wicketkeeper-batter was arrested by Kolkata Police on August 11 following a complaint filed by a young medical student. Delhi Capitals star was granted bail on September 18.,"https://static.toiimg.com/thumb/msid-134558947,imgsize-178744,width-400,height-225,resizemode-4/india-ipl-cricket.jpg"
"Back from hamstring injury, Ayush Mhatre to play his first competitive match in 5 months",https://timesofindia.indiatimes.com/sports/cricket/news/back-from-hamstring-injury-ayush-mhatre-to-play-his-first-competitive-match-in-5-months/articleshow/134544414.cms,"Ayush Mhatre (PTI Photo)

Join conversation View All Comments → Share your thoughts in the comments Post Comment Be respectful · TOI community guidelines

MUMBAI:In a major boost to Mumbai ahead of the 2026-27 Ranji Trophy season, opener Ayush Mhatre, out of action since he suffered a bad hamstring injury while playing for the Chennai Super Kings during IPL-2026, will play his first competitive match in almost five months when he will turn out in a Kanga League 'B' Division match for his club Sainath CC on Friday.On Tuesday, Mhatre and senior middle-order batter Siddhesh Lad, who will be Mumbai's captain for the 2026-27 domestic season, underwent match simulation exercises at the Cricket Club of India. Lad had dislocated his shoulder during the T20 Mumbai League final in June. ""Both Lad and Mhatre have been asked to undergo match simulation exercise and play the final round of the Kanga League on Friday. They will be given RTP (Return to Play) by the MCA's physio only after they come through this successfully,"" a source in the Mumbai Cricket Association told TOI.""Ayush is now completely fit and has recovered from his injuries in both the hamstrings. He has been training at the Mumbai Cricket Association's indoor facility at BKC for the past 10 days, and is training at Sainath Cricket Club today. He is undergoing a two-day match simulation, organised by the Mumbai Cricket Association for Mumbai's Ranji Trophy probables, at the Brabourne Stadium from today. He will turn out for Sainath Cricket Club in a Kanga League 'B Division game on Friday,"" Ayush's father Yogesh Mhatre told TOI on Monday.Mhatre had been ruled out of IPL-2026 due to a left hamstring injury. The 19-year-old suffered the injury while batting during CSK's game against Sunrisers Hyderabad on April 18.""Ayush's injury will require a rehabilitation period of 6-12 weeks. We wish Ayush a speedy recovery,"" CSK had posted on social media.""It looks pretty bad, unfortunately. And he's going to be a big, big loss because he's been in really nice touch for us,"" Mike Hussey, the CSK batting coach had said about Mhatre's hamstring injury.Mhatre scored 201 runs in six innings at a strike rate of 177.87 in IPL-2026, before the injury forced him to sit on the sidelines.",Ayush Mhatre will play his first competitive match in almost five months on Friday. The 19-year-old suffered a bad hamstring injury while playing for the Chennai Super Kings during IPL-2026. He will turn out for Sainath Cricket Club in a Kanga League 'B Division game.,"https://static.toiimg.com/thumb/msid-134544437,imgsize-36136,width-400,height-225,resizemode-4/ayush-mhatre-2809-s.jpg"
Defending Champions India through to Asian Games semi-final as rain washes out quarter-final against Afghanistan,https://timesofindia.indiatimes.com/sports/cricket/asian-games-2026-mens-t20/defending-champions-india-through-to-asian-games-semi-final-as-rain-washes-out-qaurterfinal-against-afghanistan/articleshow/134532295.cms,"Nagoya: Ground staff cover the pitch due to rain (PTI Photo)

Iyer leads strong Indian squad

India eye back-to-back Asian Games gold

Join conversation View All Comments → Share your thoughts in the comments Post Comment Be respectful · TOI community guidelines

Pakistan also through after washout

Poll Vote & Share your view Would you prefer India to face Nepal or Sri Lanka in the semi-finals? Nepal Sri Lanka 3k+ users shared opinion today 5k+ users already voted today 3k+ users shared opinion today Share Opinion

India’s men’s cricket team advanced to the semi-finals of the 2026 Asian Games without taking the field after persistent rain forced their quarter-final against Afghanistan to be abandoned in Nisshin, Japan.With dark clouds and steady rain keeping the covers firmly in place and conditions showing no signs of improving, the match was eventually called off without a ball being bowled, sending India through to the last four under the tournament’s knockout rules.India will now face the winner of the Sri Lanka-Nepal quarter-final in the semi-finals as they continue their bid to retain the gold medal they won at the 2023 Asian Games in Hangzhou.India entered the tournament with a strong squad featuring several established international names. Shreyas Iyer is leading the side, with Tilak Varma serving as his deputy.The squad includes Abhishek Sharma, Sanju Samson, Ishan Kishan, Shivam Dube, Nitish Kumar Reddy, Axar Patel, Washington Sundar, Varun Chakaravarthy, Ravi Bishnoi, Jasprit Bumrah, Arshdeep Singh, Vaibhav Sooryavanshi and Yash Thakur.Former India cricketer VVS Laxman is serving as the team’s stand-in head coach for the Asian Games campaign.India are aiming to retain the men’s cricket gold medal they won at the 2023 Asian Games in Hangzhou. Their campaign in the previous edition also ended with a weather-affected final, with India awarded the gold medal after their title clash against Afghanistan was washed out.The Indian women’s team has already successfully defended its Asian Games title in Aichi-Nagoya. Harmanpreet Kaur-led India defeated Sri Lanka by 147 runs in the final to claim the gold medal.Earlier, Pakistan also advanced to the men’s semi-finals after their quarter-final against Hong Kong, China was abandoned due to rain. Pakistan progressed on the basis of their higher ranking over Hong Kong, meaning both India and Pakistan have reached the last four without playing their respective quarter-finals.","India's men's cricket team advanced to the semi-finals of the 2026 Asian Games after persistent rain forced their quarter-final against Afghanistan to be abandoned. The match was eventually called off without a ball being bowled, sending India through to the last four under the tournament’s knockout rules. India will now face the winner of the Sri Lanka-Nepal quarter-finals in the semis as they continue their bid to retain the gold medal they won at the 2023 Asian Games.","https://static.toiimg.com/thumb/msid-134532464,imgsize-250668,width-400,height-225,resizemode-4/asian-games-2026.jpg"
Asian Games: Rain threatens Shreyas Iyer-led India’s title defence ahead of Afghanistan quarterfinal,https://timesofindia.indiatimes.com/sports/cricket/asian-games-2026-mens-t20/asian-games-rain-threatens-shreyas-iyer-led-indias-title-defence-ahead-of-afghanistan-quarterfinal/articleshow/134529332.cms,"Asian Games 2026: Rain threat looms over India's campaign opener against Afghanistan (Image: ANI)

Join conversation View All Comments → Share your thoughts in the comments Post Comment Be respectful · TOI community guidelines

Nisshin: Even if a single ball is not bowled, the Indian men’s cricket team will still retain the Asian Games gold they won in the previous edition on debut. Going by the weather here, the situation cannot be ruled out. The only constant for the Indian team from the time they landed in Tokyo a week ago has been rain. Apart from a couple of indoor net sessions, the players have probably held an umbrella more than a bat or a ball.They arrived in Nagoya with a steady drizzle on Saturday afternoon and their practice session on Sunday was halted midway due to rain again. With the venue being a makeshift cricket stadium, there were no indoor facilities for the team to turn to.But skipper Shreyas Iyer refused to dwell on the weather conditions. “There is rain, but we can’t use that as an excuse. Such hurdles will keep coming. Irrespective of the situation, we are mentally prepared (to play). We got a decent warm-up and a little practice (before the rain). We will try to adapt as soon as possible to the wicket.” In the quarterfinals on Monday, they face Afghanistan.At the Korogi Sports Park here, Afghanistan come into the contest on the back of a mixed campaign so far.While they had an easy outing against hosts Japan in their campaign opener, they were handed a five-wicket loss by Nepal on Friday.The results are the outcome of the fact that Afghanistan is fielding a second-string team in the tournament with skipper Darwish Rasooli and Abdollah Ahmadzai, the only players in the squad from the team which lost to India 0-3 in a bilateral series recently.A full-strength Indian team against a rookie Afghanistan side may seem like a contest of the uneven, but the Indian team will know better than taking the Afghans lightly, especially after their near-loss. In the five-over rain-truncated contest India managed 32/4 and then scrapped through with a two-run margin.“We can’t take any team in the Asian Games lightly because the wicket here cannot be set to a particular standard. It will be challenging and difficult for every team.”Iyer also cited the example of the recent match against Japan, a rain-truncated contest. It will be interesting to see if India will risk playing Jasprit Bumrah, who was rested for the match against Japan, given he is coming back from injury and the outfield may not be the best.While the stage is set for the title defence, one can only hope for th srain to stay away, especially for the scores of Indian fans, who are planning to travel from across Japan to root for the men in blue.",India's men's cricket team face Afghanistan in their Asian Games opener on Monday. Rain has been a constant for the Indian team from the time they landed in Tokyo a week ago. Afghanistan come into the contest on the back of a mixed campaign so far.,"https://static.toiimg.com/thumb/msid-134529461,imgsize-105940,width-400,height-225,resizemode-4/asian-games-2026.jpg"
"Virat Kohli's record-breaking night: 15,000 ODI runs, 55th century and more - full list",https://timesofindia.indiatimes.com/sports/cricket/india-vs-west-indies/virat-kohlis-record-breaking-night-15000-odi-runs-55th-century-and-more-full-list/articleshow/134524556.cms,"Virat Kohli (BCCI Photo)

Kohli's fastest ODI hundreds

Virat Kohli's fastest ODI centuries

52 balls vs Australia, Jaipur, 2013

61 balls vs Australia, Nagpur, 2013

74 balls vs West Indies, Thiruvananthapuram, 2026

76 balls vs Sri Lanka, Hobart, 2012

76 balls vs Sri Lanka, Colombo RPS, 2017

80 balls vs Sri Lanka, Guwahati, 2023

Another 10-century record for Kohli

Most ODI centuries against a team:

10 - Virat Kohli vs Sri Lanka

10 - Virat Kohli vs West Indies

9 - Sachin Tendulkar vs Australia

vs Australia 9 - Rohit Sharma vs Australia

8 - Virat Kohli vs Australia

8 - Sachin Tendulkar vs Sri Lanka

Kohli matches Tendulkar's List A record

Kohli's other records from the innings

Join conversation View All Comments → Share your thoughts in the comments Post Comment Be respectful · TOI community guidelines

Involved in most wins in ODI run chases

127 S Tendulkar

116 MS Dhoni

112 V Kohli

111 R Ponting

110 J Kallis/ Rohit Sharma

Most runs by Kohli off a bowler in an ODI

54 vs Trent Boult Mohali 2016

53 vs Alzarri Jospeh Trivandrum 2026

45 vs Vishwa Fernando Colombo RPS 2017

45 vs Lahiru Kumara Trivandrum 2023

45 vs Prenalen Subrayen Ranchi 2025

Most sixes by Kohli in an ODI innings

9 vs WI Trivandrum 2026 *

8 vs SL Trivandrum 2023

7 vs Aus Jaipur 2013

7 vs SA Ranchi 2025

Kohli wants to keep playing positively

Poll Vote & Share your view What factor do you think contributes the most to Kohli's success? His work ethic and dedication. Experience and consistency Mental strength and focus. 3k+ users shared opinion today 5k+ users already voted today 3k+ users shared opinion today Share Opinion",Virat Kohli's fastest ODI centuries are 52 balls against Australia. Kohli has scored more runs off a bowler than any other ODI batsman. He is involved in most wins in ODI run chases. His work ethic and dedication are key to his success.,"https://static.toiimg.com/thumb/msid-134524602,imgsize-35224,width-400,height-225,resizemode-4/virat-kohli4-2709-bcci.jpg"
'He is playing with freedom': Shubman Gill on Virat Kohli's new approach,https://timesofindia.indiatimes.com/sports/cricket/india-vs-west-indies/he-is-playing-with-freedom-shubman-gill-on-virat-kohlis-new-approach/articleshow/134524191.cms,"Shubman Gill and Virat Kohli (PTI Photo)

'Virat Kohli playing with freedom'

Join conversation View All Comments → Share your thoughts in the comments Post Comment Be respectful · TOI community guidelines

Gill praises Kuldeep's comeback

India captain Shubman Gill believes the best way to get the most out of Virat Kohli is to simply let the star batter be himself.Kohli smashed an unbeaten 139 off 88 balls as India beat West Indies by eight wickets in the first ODI at the Greenfield International Stadium on Sunday. Gill also scored 110 as the two shared a 151-run partnership.India chased down 296 with 50 balls to spare and took a 1-0 lead in the three-match series. Kohli also completed 15,000 ODI runs during his knock.Gill said Kohli is enjoying his cricket and making the most of his ability to hit boundaries.""Honestly when I got out, I thought I should have finished the game. But it was a satisfying innings for me. He's batting superbly and I think he's enjoying the game a lot more, playing with freedom, those are the facts of his batting and he always had the game, the ability to clear the boundary at will, he's doing that right now.""Someone like him, who's won so many games for India, you let him be and on the day he will win the matches for you,"" said Gill in the post-match presentation ceremony on Sunday.Gill was dismissed after scoring his seventh ODI century, but Kohli stayed till the end to finish the chase.Gill also praised Kuldeep Yadav for changing the game after West Indies made a strong start.""Someone like Kuldeep, especially in the middle overs if he is bowling well, he is a wicket-taker.We were on the backfoot with their opening partnership, he got us back in the game, at one point it looked like keeping them to 300 was great.""West Indies openers Justin Greaves and John Campbell had put together 135 runs before Kuldeep finished with 4-40.Gill also said India wanted more depth in their batting line-up.""Ideally, yes, we would like an eighth batting option: someone who can contribute at least 20-30 runs. We weren't able to get the scores we wanted, but we are open to trying different combinations to see what works for us,"" he said.",India beat West Indies by eight wickets in first ODI at Greenfield International Stadium. Virat Kohli scored 139 as India chased down 296 with 50 balls to spare. India captain Shubman Gill also scored 110 as the two shared a 151-run partnership.,"https://static.toiimg.com/thumb/msid-134524238,imgsize-52742,width-400,height-225,resizemode-4/kohli-gill2-2709-bcci.jpg"
Abhishek Sharma's 30-ball ton hid the number that should really worry T20 bowlers,https://timesofindia.indiatimes.com/sports/cricket/news/abhishek-sharmas-30-ball-ton-hid-the-number-that-should-really-worry-t20-bowlers/articleshow/134516612.cms,"Abhishek Sharma

Abhishek Sharma scores in the India vs Afghanistan T2OI series

The average, not the strike rate

Abhishek Sharma fast and consistent not fast or consistent

Where the runs actually come from

A six every 7.58 balls

Most sixes for India in a T2OI match

The first six overs

Abhishek owns India's big Powerplays

What it costs him

What this approach costs Abhishek

Join conversation View All Comments → Share your thoughts in the comments Post Comment Be respectful · TOI community guidelines

Level with Kohli

Most T20 centuries by Indians

Poll Vote & Share your view Which aspect of Abhishek Sharma's T20I performance impresses you the most? Fastest centuries Boundary percentage Consistency despite aggression Performance in powerplays 3k+ users shared opinion today 5k+ users already voted today 3k+ users shared opinion today Share Opinion

The 30-ball ton was, oddly, the least surprising part of what Abhishek Sharma did at the Arun Jaitley Stadium. It isn't even his fastest hundred. What's odd about the innings is what it says about the number sitting next to that extraordinary strike rate: his average.Somewhere in Abhishek Sharma's memory, though, there's a faster century still. It came two years ago, for Punjab against Meghalaya in a Syed Mushtaq Ali Trophy fixture nobody outside domestic cricket was watching: 28 balls, no fanfare.So when he reached three figures in 30 deliveries against Afghanistan in New Delhi, becoming the fastest T20I centurion ever produced by a Full Member nation and only the third-fastest in the format's history overall, it wasn't a discovery. It was a confirmation, delivered on a bigger stage, of something the data had already been saying for a while.The ground has some history with him already. Eight years earlier, on the same square when it was still called Feroz Shah Kotla, a 17-year-old Sharma walked out at number six for Delhi Daredevils against Royal Challengers Bangalore and top-scored on IPL debut — an unbeaten 46 off 19 balls. It was the innings that first put his name into circulation.None of that is really the story, though. The story is what his average has been doing while all this has been going on.After 58 T20I innings, Abhishek averages 33.18 at a strike rate of 194.55. Among those who have batted at least 20 times in T20Is since Abhishek's debut in July 2024, nobody has struck as quickly as his 194.55 per 100 balls.Put that alongside the numbers of his closest opening peers and the combination starts to look strange. Phil Salt, across almost the same number of innings, averages 34.34 at 165.89: a fraction higher on average, nearly thirty runs per hundred balls slower. Finn Allen's numbers read 28.67 and 170.74; Travis Head's, 28.40 and 156.69. Multiply strike rate by average and divide by 100 and you get a rough figure for scoring speed without giving up the average: Abhishek comes out at 64.56, against 56.97 for Salt, 48.95 for Allen and 44.50 for Head.The gap isn't really about six-hitting or bravado. It's that T20 cricket generally punishes extreme aggression with a lower average, and in Abhishek's case, over more than fifty innings now, it hasn't.Look closer and the shape of his batting explains some of it. Of his 1,858 T20I runs, 1,484 (79.9%) have come in boundaries. In the Afghanistan innings that figure spiked to 94.44%, the highest boundary share recorded in any men's T20I century.He hits a six in T20Is every 7.58 balls, comfortably ahead of Allen (8.47), Salt (12.47) and Head (14.20). Zoom out to his whole T20 career, across formats, and he reached his hundredth six faster, by balls faced, than anyone the format has seen, edging West Indies' Evin Lewis. Among Indian batters with 50 or more T20 sixes, nobody has matched his rate of clearing the boundary. He's the best of the lot, streets ahead of Sanju Samson, Shivam Dube, Suryakumar Yadav and Yuvraj Singh , the mentor whose fastest-fifty record he's now threatened on at least three occasions.The clearest expression of the method is the powerplay. His strike rate in an innings' first ten balls, 176, is the joint-highest on record, level with Tim David: he isn't feeling out the pitch before he attacks. His boundary percentage inside the powerplay, 33.48% according to CricViz, is the best among batters with 500-plus T20I runs.This has happened before, too. India have breached 90 in a T20I powerplay four times, and Abhishek has been the one doing the damage on every occasion: 59 not out off 21 against England at the Wankhede last year, 51 not out off 14 against New Zealand in Guwahati this year, 51 off 19 in the World Cup final in Ahmedabad, where he reached fifty in 18 balls under the most pressure he's likely ever faced. His 76 not out off 22 balls is simply the largest number yet on that list. His opening stand with Samson, 142 off 59 balls, is now the fastest century opening partnership for India in T20Is by run rate, overtaking a stand between KL Rahul and Rohit Sharma from Indore in 2017.None of this comes free. Abhishek walked into this year's T20 World Cup and made three consecutive ducks, followed that with 15, 10 and 9, and salvaged the campaign with two match-defining fifties, one in a must-win Super Eight game against Zimbabwe, the other in the final. Eight innings, 141 runs, an average of 17.62. ""As a batter, as a cricketer, sometimes [my form is] going to go up and down,"" he said afterwards, and there's little sense he sees the ducks as a separate problem from the sixes. They're the same bet, landing differently.And 2026 has underlined that cost. Abhishek has been dismissed for a duck 10 times in T20 cricket this calendar year, the most by any batter in a year, ahead of Rashid Khan's nine in 2019 and Shadab Khan's nine in 2024. Five of those have come off the first ball, making him the joint-most prolific first-ball duck-maker in a calendar year in T20Is, alongside Rwanda's Kevin Irakoze in 2023 and Richard Ngarava in 2024.What's changed isn't the risk-taking. It's how deliberately he manages it. Against the Rashid Khan, Mohammad Nabi and Mujeeb Ur Rahman spin trio in the Afghanistan series, he made a conscious tactical switch, going only forward or down the pitch, never back, and scored 54 off 15 against them, including 4, 4, 6 off three straight Rashid deliveries in the last over of the powerplay.In the first two games, camped on the back foot against the same bowlers, he'd managed only 29 off 17. ""It's always about me backing my shots because I don't have a lot of shots,"" he said earlier this year, after an 85 off 34 against New Zealand, which sounds like modesty until you notice how precisely that limited toolkit is being aimed.This is now his tenth century in all forms of T20 cricket, level with Virat Kohli for the most by an Indian batter, and his third T20I hundred, level with Samson, and behind only Rohit Sharma and Suryakumar Yadav in India's own list. The number worth sitting with isn't the 30 balls. It's how Abhishek has managed to keep his average above 30 while scoring at a strike rate of nearly 195.","Abhishek Sharma is the fastest T20I centurion ever produced by a Full Member nation. He averages 33.18 at a strike rate of 194.55 per 100 balls. He hits a six in T20Is every 7.58 balls, comfortably ahead of Finn Allen (8.47) and Travis Head (12.20) His strike rate in an innings' first ten balls is the joint-highest on the pitch.","https://static.toiimg.com/thumb/msid-134516685,imgsize-716708,width-400,height-225,resizemode-4/abhishek-sharma.jpg"
"‘She can go sub-54’: After breaking PT Usha’s 42-year-old record, Vithya Ramraj’s coach sets new target",https://timesofindia.indiatimes.com/sports/asian-games-2026/she-can-go-sub-54-after-breaking-pt-ushas-42-year-old-record-vithya-ramrajs-coach-sets-new-target/articleshow/134560496.cms,"Vithya Ramraj with her coach Nehpal Singh

Join conversation View All Comments → Share your thoughts in the comments Post Comment Be respectful · TOI community guidelines

Nehpal Singh is basking in the glory as the coach of Vithya Ramraj who bettered PT Usha's 42-year-old record, three years after equalling that elusive record in the women's 400m hurdles at the last Asian Games in Hangzhou.Asked about the five-year plan, which took Indian athletics to a new high with his ward dipping under the 55-second and lowering the new mark to 54.75 seconds, the coach from Rajasthan, whose family is settled in Salem for the last 20 years, said: ""Vithya would have set the record last year itself but for the injury at the Asian championships. She sustained a serious ankle injury but ran with the swollen ankles at the Asian meet and still won the bronze.This year I was waiting eagerly for everything to go right and today she did it. """"I knew she would peak in this competition. I was almost sure that she would do sub 54.5, but it was 54.7. But it is okay because, without progression, you cannot perform at that big level. At the Delhi meet on Sep 10, she fell down from a hurdle; otherwise, we were expecting around 55.0s there and then the progression from there (to the National record),"" the former national-level sprinter turned coach Nehpal told TOI from Nagoya.Asked about the sacrifices made by the 28-year-old from Coimbatore, he said: ""She is very dedicated. Both of us have not gone home all year as we were training fully focussed on the big meet.""Nehpal, who started coaching her in 2021 and holds a World Athletics coaching certification, lauded Vithya for her dedication. ""Vithya is the most consistent athlete. She has been in the top 3 in India in the 400m for the last five years. And for the last five years, she's been No. 1 in the 400m hurdles.""""The day she asked me, 'I want to join you for training,'... I was like, yes, we can do. Okay. We can do this national record. Once the national record was equaled, I realized she could do much more. My plan was sub 55. And this year, we figured out that no, we can go sub 54,"" said Nehpal who also trains Vithya's twin sister Nithya. Nithya, who is recovering from an injury, had finished seventh in the 100m hurdles at the last Asiad.Moving forward, the coach and Vithya have set their sights on the World Championships and the LA Games.""The qualification mark for the World Championships and Olympics is 54.0s. Otherwise, she'll make the Games easily by her ranking,"" he added without going into the details of the next five-year plan.","Vithya Ramraj bettered PT Usha's 42-year-old record in the women's 400m hurdles. Vithya would have set the record last year itself but for the injury at the Asian championships. Nehpal Singh, who started coaching her in 2021 and holds a World Athletics coaching certification, lauded her dedication.","https://static.toiimg.com/thumb/msid-134560720,imgsize-112168,width-400,height-225,resizemode-4/vithya-ramraj-with-her-coach-nehpal-singh.jpg"
"Asian Games: Narender Berwal wins bronze in heavyweight boxing as Parveen Hooda, Ankush Panghal reach finals",https://timesofindia.indiatimes.com/sports/asian-games-2026/asian-games-narender-berwal-wins-bronze-in-heavyweight-boxing-as-parveen-hooda-ankush-panghal-reach-finals/articleshow/134558680.cms,"Narender Berwal

Narender unable to trouble reigning world champion

Parveen, Ankush storm into gold-medal bouts

Join conversation View All Comments → Share your thoughts in the comments Post Comment Be respectful · TOI community guidelines

NEW DELHI: India’s Narender Berwal secured a bronze medal in the men’s +90kg boxing event at the Asian Games after losing his semifinal bout to Kazakhstan’s reigning world champion Aibek Oralbay on Tuesday.Narender struggled to match Oralbay’s pace and power in a one-sided contest, going down 0-5 on the judges’ scorecards. The Indian boxer lost all three rounds by unanimous decision and missed out on a place in the gold-medal bout.Despite Narender’s defeat, it was a productive day for Indian boxing, with Parveen Hooda and Ankush Panghal winning their respective semifinals to advance to the finals. The pair’s victories helped India surpass its four-medal haul from the previous edition, with six Indian boxers now assured of medals at Aichi-Nagoya Games.Oralbay took charge from the opening bell, winning the first round 5-0 to put Narender under immediate pressure. The Indian needed a strong response in the second round, but the Kazakh boxer continued to dominate and secured another 5-0 verdict on the judges’ cards.Narender was unable to mount a turnaround in the final round, which Oralbay also won 5-0. The semifinal loss ended the Indian’s run at the Games, but he leaves with a bronze medal after reaching the last four in the heavyweight category.Earlier, Parveen defeated China’s Li Shu 5-0 in the women’s 65kg semifinal to book her place in the final. The win marks an improvement on her bronze-medal finish at Hangzhou, a result that was later annulled after the International Testing Agency suspended her for 22 months over a whereabouts failure.Parveen has also become only the third Indian woman boxer to reach an Asian Games final, following MC Mary Kom, who won gold in 2014, and Lovlina Borgohain , who claimed silver at the previous edition.Ankush then produced a stirring comeback in the men’s 80kg semifinal, rallying from behind to beat Uzbekistan’s reigning world champion Fazliddin Erkinboev. After losing the opening round 4-1, Ankush took the second 3-2 before sweeping the final round 5-0 to seal his place in the gold-medal bout.Narender’s bronze and the two semifinal wins added to India’s boxing medal count, with six pugilists having secured medal-round places at the Games.",Narender Berwal loses to Aibek Oralbay in men's +90kg semifinal. Indian boxer loses all three rounds by unanimous decision. Parveen Hooda and Ankush Panghal advance to women's 65kg final. India now has six boxing medals at Asian Games.,"https://static.toiimg.com/thumb/msid-134558799,imgsize-67568,width-400,height-225,resizemode-4/narender-berwal.jpg"
Neeru Dhanda scripts history with India’s first individual Asian Games gold in women’s trap,https://timesofindia.indiatimes.com/sports/asian-games-2026/neeru-dhanda-wins-gold-in-womens-trap-individual-event-at-asian-games/articleshow/134557083.cms,"India's Neeru Dhanda (PTI Photo)

Join conversation View All Comments → Share your thoughts in the comments Post Comment Be respectful · TOI community guidelines

Neeru Dhanda scripted history on Tuesday by becoming the first Indian shooter to win an Asian Games gold medal in the women’s trap individual event, smashing the continental record in the process.The 26-year-old from Haryana produced a score of 28 in the eight-shooter final to surpass the previous Asian record of 24 and claim the gold medal.Neeru’s triumph came after she had helped India secure silver in the women’s trap team event earlier in the competition. Her latest achievement is even more significant as no Indian woman trap or skeet shooter had previously won an individual medal at the Asian Games.Randhir Singh had won India’s historic individual gold in the men’s individual trap event at the 1978 Games, while Ronjan Sodhi claimed the men’s double trap individual gold at the 2010 edition.Neeru had entered the final as one of the joint leaders after topping qualification alongside Qatar’s Ray Bassil with 118 points. The score was also a Games record for qualification.The Haryana shooter has been in exceptional form this year. In July, she became the first Indian woman to win a World Cup gold medal in the trap event at the Shotgun World Cup in Italy.Earlier in the Asian Games, Neeru, Aashima Ahlawat and Manisha Keer combined for 328 to win silver in the women’s trap team event.China took gold with 346, while Kuwait secured bronze with 325.The Chinese team comprised Liu Shanshan, Sun Yunong and Zhu Jingyu, while Kuwait were represented by Alhawal Shahad, Abdulmalik Hajar and Alhawal Sarah.Aashima and Manisha could not make the individual final, finishing 16th and 23rd respectively in qualification after scoring 106 and 104.",Neeru Dhanda becomes first Indian shooter to win an Asian Games gold medal. The 26-year-old from Haryana produced a score of 28 in the eight-shooter final to surpass the previous Asian record of 24. No Indian woman trap or skeet shooter had previously won an individual medal at the Asian Games.,"https://static.toiimg.com/thumb/msid-134557101,imgsize-73642,width-400,height-225,resizemode-4/asian-games-2026-shooting.jpg"
‘It’s his bad luck’: Rumesh Pathirage reveals he missed Neeraj Chopra after Asian Games gold,https://timesofindia.indiatimes.com/sports/asian-games-2026/its-his-bad-luck-rumesh-pathirage-reveals-he-missed-neeraj-chopra-after-asian-games-gold/articleshow/134555972.cms,"Neeraj Chopra and Rumesh Tharanga Pathirage

Pathirage and Chopra's changing fortunes

'Yashvir and Rohit are very good'

Join conversation View All Comments → Share your thoughts in the comments Post Comment Be respectful · TOI community guidelines

World Championships and LA Olympics next

Sri Lankan javelin thrower Rumesh Tharanga Pathirage said he missed seeing Neeraj Chopra compete at the Asian Games , describing the Indian star's absence as ""bad luck"" after an ankle injury forced him out of the continental event.Chopra, a two-time Olympic medallist, was unable to defend the Asian Games men's javelin gold he won in the previous edition in China after suffering an ankle ligament tear during training last month.Pathirage made the most of Chopra's absence, producing a winning throw of 88.55m with his sixth and final attempt to claim gold at the rain-affected Mizuho Park Athletic Stadium on Monday.India's Yashvir Singh, who replaced the injured Chopra in the athletics team, took silver with a personal best of 85.72m, while Rohit Yadav secured bronze with 84.35m.""Yeah, he had a little injury on the ankle after Lausanne Diamond League. It's his bad luck,"" the 23-year-old Pathirage told PTI when asked if he was missing Chopra after the event.""I do sometimes speak to him (Chopra),"" he added.Pathirage and Chopra have shared the field at major competitions, with the Indian also inviting the Sri Lankan to compete at the inaugural NC Classic javelin competition in Bengaluru in July last year.Chopra won that event with a throw of 86.18m, while Pathirage finished third with 84.34m.The results have been very different this year.Pathirage has won all three competitions in which Chopra competed. He began by winning the Doha Diamond League in June, where Chopra finished fourth. The Sri Lankan then claimed gold at the Glasgow Commonwealth Games, with Chopra taking silver.The pattern continued at the Lausanne Diamond League in August, where Pathirage finished first and Chopra was second.Pathirage has also been in remarkable form throughout the season, recording three throws beyond 90m. He has finished first in 13 of the 14 events he has competed in this year, with a second-place finish in the remaining competition.His list of titles includes four Diamond League meetings, the Diamond League Final, World Athletics Ultimate Championships, Commonwealth Games and now the Asian Games.Despite the dominance, Pathirage insisted there was no elaborate secret behind his success.""No secret, just normal training every year,"" he said when asked about his form and three 90m-plus throws this season.Pathirage also praised the two Indian throwers who shared the podium with him in Chopra's absence.""Yashvir and Rohit are very good. His average throw has been 85m. Maybe, I think, next year, Yashvir and Rohit can produce big throws for India.""The result completed a South Asian sweep of the men's javelin medals at both the Commonwealth Games and Asian Games.For Pathirage, however, the winning throw fell short of what he had hoped to achieve.""The conditions were not good due to rain.""""I could not get proper grip of my javelin. I had wanted to break the Games record and Asian record but I could not go for my massive throws like 90m.""But I am happy to be the first-ever Sri Lankan javelin throw gold medal winner at the Asian Games.""Pathirage has already turned his attention towards his next major targets.""My next target is World Championship next year and then 2028 LA Olympics.""The Sri Lankan made his World Championships debut last year but believes he will enter the next edition with greater experience.""I competed for the first time in the World Championships last year, when I had less experience. Now, I have some experience and let us see what happens. I will give my best.""",Sri Lankan javelin thrower Rumesh Tharanga Pathirage won gold at the Asian Games. Pathorage has won all three competitions in which Indian Neeraj Chopra has competed. Pathrage has finished first in 13 of the 14 events he has competed in this year.,"https://static.toiimg.com/thumb/msid-134556001,imgsize-118450,width-400,height-225,resizemode-4/neeraj-chopra-and-rumesh-tharanga.jpg"
EXCLUSIVE | 'Olympics sapna hai': Yashvir Singh after ticking off Asian Games and CWG medal boxes,https://timesofindia.indiatimes.com/sports/asian-games-2026/exclusive-olympics-sapna-hai-yashvir-singh-after-ticking-off-asian-games-and-cwg-medal-boxes/articleshow/134553472.cms,"India's Yashvir Singh celebrates winning the silver medal in the men's javelin throw final at the Asian Games. (AP Photo)

Another final throw

'Grip slip ho rahi thi'

Back-to-back major medals

Join conversation View All Comments → Share your thoughts in the comments Post Comment Be respectful · TOI community guidelines

' Olympics sapna hai'

NEW DELHI: The last throw has become familiar territory for Yashvir Singh.At the Commonwealth Games in Glasgow earlier this year, Yashvir produced a stunning 85.41m with his final throw to win bronze.On Monday at the Nagoya City Mizuho Park Athletic Stadium in Japan, he was again waiting for his last attempt with a medal already within reach.Yashvir was in the silver medal position after five attempts, with 85.14m as his best throw. He needed more than 88.55m to overtake Sri Lanka's Rumesh Pathirage and take gold.The pressure was familiar. The outcome was different.Yashvir ran in, stretched his arm and launched his final effort. The javelin travelled 85.72m — a personal best — but it was not enough to move him past Pathirage.He walked back with a smile and exchanged a high five with compatriot Rohit Yadav, who won bronze.“The situation was the same in both events (laughs). I was stuck with the last throw both times. This time, a medal was guaranteed. That throw had won me a medal. Both times, it was a very nerve-racking situation. It was a do-or-die situation.I had decided that it was now or never,” Yashvir told TimesofIndia.com in an exclusive interview from Japan.Yashvir felt the conditions added to the challenge.“Pressure was there. The throws were coming out well, but I had hoped to produce an even better throw. However, the weather conditions were not good, and my grip was slipping, which made things difficult. There were also some technical flaws,” he said.“There was also a slight difference in technique. I had worked on the mistakes I was making in my throws, but I still made a few mistakes today. I will focus on them going forward,” Yashvir said.Yashvir and Rohit carried India's javelin hopes in the absence of reigning champion and two-time Olympic medallist Neeraj Chopra , who withdrew from the Asian Games after suffering a late ligament injury.For Yashvir, the silver meant medals at consecutive major international events after his bronze in Glasgow.“I won a medal in Glasgow first, and now I have won silver. I am very happy about this. Neeraj bhaiya supported me a lot. The entire country, my father and my whole family supported me. I am here because of them,” he said.The next target is already clear.“Olympics sapna hai [The Olympics are a dream]. It is everyone's dream, and it is mine too. I want to correct my mistakes as soon as possible. I will try to fix the mistakes, improve further and deliver an even better performance next time. I will give my best going forward,” he said.","India's Yashvir Singh wins silver in men's javelin throw at the Asian Games. He needed more than 88.55m to overtake Sri Lanka's Rumesh Pathirage and take gold. His final throw was 85.72m, a personal best, but not enough to move him past Pathirages.","https://static.toiimg.com/thumb/msid-134553485,imgsize-133368,width-400,height-225,resizemode-4/asian-games-athletics.jpg"
"Asian Games 2026 Day 9: Athletics leads India’s 8-medal haul, boxing assures more as near misses hurt",https://timesofindia.indiatimes.com/sports/asian-games-2026/asian-games-2026-day-9-athletics-leads-indias-8-medal-haul-boxing-assures-more-as-near-misses-hurt/articleshow/134545152.cms,"Gulveer Singh, Parul Chaudhary, and Murali Sreeshankar (PTI Photos)

Javelin double, Gulveer's second silver headline athletics haul

ALSO READ:

Sreeshankar wins silver despite injury

Esha fights through shoot-offs, Balhara adds kurash bronze

Boxing guarantees three more medals

Hockey sets up blockbuster Pakistan semifinal

More near misses on a busy day

Join conversation View All Comments → Share your thoughts in the comments Post Comment Be respectful · TOI community guidelines

NEW DELHI: India enjoyed another medal-rich day at the Asian Games 2026 on Monday, winning eight medals across athletics, shooting and kurash while also securing more medals in boxing. Yet the haul came with a familiar mix of celebration and disappointment, as several Indian athletes came agonisingly close to the podium.The eight medals included four silver and four bronze, with Yashvir Singh and Rohit Yadav winning a javelin double, Murali Sreeshankar taking long jump silver, Gulveer Singh adding his second silver of the Games and Esha Singh claiming silver in the women's 25m pistol. Vithya Ramraj, Parul Chaudhary and Pincky Balhara completed the day's bronze-medal haul.India also secured at least three more medals in boxing as three boxers — Lovlina Borgohain, Priya and Kapil Pokhariya — confirmed podium finishes by winning their respective quarterfinals.In the absence of defending champion Neeraj Chopra, Yashvir Singh and Rohit Yadav ensured India still finished with two athletes on the men's javelin podium Yashvir produced a personal best of 85.72m to win silver, while Rohit took bronze with 84.35m. Sri Lanka's Rumesh Pathirage won gold with 88.55m.Yashvir had started strongly with 83.56m and briefly led the competition, while Rohit moved to the top with 84.35m.Pathirage eventually took control with 88.33m before improving further in his final attempt. Gulveer, meanwhile, continued his outstanding campaign by winning his second silver medal . After finishing runner-up in the 10,000m, he clocked a personal best of 3:36.72 in the 1500m final. Japan's Kazuto Iizawa won gold, while compatriot Nagiya Mori took bronze. India's Yoonus Shah finished ninth.The Indian produced a best effort of 8.07m, but injured himself during his fourth attempt and could not take either of his final two jumps. Having already moved into silver-medal position, Sreeshankar could only watch as his rivals tried to overtake his mark. None succeeded.China's Yuhao Shi won gold with 8.17m, while Uzbekistan's Anvar Anvarov took bronze with 8.06m. India's Solomon David finished seventh with 7.70m.There were also bronze medals for Parul Chaudhary and Vithya Ramraj. Parul clocked 15:14.61 to finish third in the women's 5000m , adding another bronze after her steeplechase medal. Vithya, meanwhile, set a personal best of 54.75 seconds to win bronze in the 400m hurdles and break PT Usha's more than four-decade-old national record. Anu Raghavan finished fifth with a personal best of 55.88 seconds.The world No. 1 finished with 38 hits, the same score as China's Xiao Jiaruixuan. Xiao eventually won the gold after the deciding shoot-off, leaving Esha with silver.Esha's route to the podium included three shoot-offs against South Korea's Kim Hyon Suk during the elimination stages before she secured her place in the medal positions. Pincky Balhara also added a bronze in women's -78kg kurash . She beat South Korea's Garam Lim in the quarterfinal before losing 0-5 to another South Korean, Sumin Mo, in the semifinals.It was Balhara's second Asian Games medal, eight years after her silver at Jakarta 2018.India's medal count will rise further after three boxers won their quarterfinal bouts.Lovlina Borgohain defeated South Korea's Seong Suyeon in the women's 75kg quarterfinal to confirm a medal. Priya also advanced to the podium by beating Tajikistan's Mijgona Samadova in the women's 60kg quarterfinal.Kapil Pokhariya completed the boxing trio, defeating South Korea's Kim Gichae in the men's 90kg quarterfinal.The three victories mean India is guaranteed at least three more boxing medals, although their colour will be determined by their semifinal and final results.The defending champions produced one of their most emphatic performances of the Games, crushing Bangladesh 10-0 in their final Pool A match.Captain Harmanpreet Singh scored a hat-trick, while Abhishek struck three times. Jugraj Singh, Sukhjeet Singh, Shilanand Lakra, Sanjay and Mandeep Singh also got on the scoresheet.India finished top of Pool A with five wins from five matches and a +45 goal difference. The result sets up a blockbuster semifinal against arch-rivals Pakistan on October 1. Malaysia and South Korea will contest the other semifinal.Not everything went India's way.Defending champion and Games record holder Avinash Sable finished fourth in the men's 3000m steeplechase despite producing a season-best 8:21.67. Japan's Ryuji Miura won gold in a Games record 8:17.36.Seema Kaliramna also missed the women's discus podium by a narrow margin, finishing fourth with a personal-best 59.88m. All three medal winners crossed 60m. India also finished fourth in the women's 4x100m relay.Santhosh Kumar Tamilarasan was seventh in the men's 400m hurdles, while India's women's 25m pistol team of Manu Bhaker, Esha Singh and Rahi Sarnobat finished fifth.Elsewhere, India qualified for the men's 4x400m relay final and mixed 4x100m relay final, while Pooja reached the women's 800m final. Squash produced a clean sweep of sorts, with India's women's team beating Japan and China and the men's side defeating China and South Korea.Rain also affected the men's cricket quarterfinal against Afghanistan, which was abandoned, with India advancing to the semifinal by virtue of higher seeding.After the day's eight medals, India stood on 45 medals — four gold, 20 silver and 21 bronze. The medal haul continued to grow, but the country's gold tally remained unchanged, leaving India 12th in the standings.","India win eight medals across athletics, shooting and kurash. Yashvir Singh and Rohit Yadav win javelin double. Murali Sreeshankar takes long jump silver, Gulveer Singh adds his second silver of the Games. Esha Singh claims silver in the women's 25m pistol.","https://static.toiimg.com/thumb/msid-134545294,imgsize-201119,width-400,height-225,resizemode-4/gulveer-singh-parul-chaudhary-and-murali-sreeshankar.jpg"
"Shaili Singh's long jump mark wrongly measured by Asian Games officials, will move CAS: AFI",https://timesofindia.indiatimes.com/sports/asian-games-2026/shaili-singhs-long-jump-mark-wrongly-measured-by-asian-games-officials-will-move-cas-afi/articleshow/134546311.cms,"Shaili Singh (Image credit: X)

Shaili finishes fourth

Indian team unhappy with video review

Join conversation View All Comments → Share your thoughts in the comments Post Comment Be respectful · TOI community guidelines

AFI to take matter to CAS

The Athletics Federation of India (AFI) will approach the Court of Arbitration for Sport (CAS) over the measurement of Shaili Singh's fourth attempt in the women's long jump at the Asian Games.The AFI claims that officials measured the jump from a shorter mark, which cost Shaili a medal.Shaili finished fourth with a best jump of 6.42m on Sunday. India's Ancy Sojan won silver with 6.53m, while China's Huang Yingying took gold with 6.55m on her final attempt.The controversy centres on Shaili's fourth attempt, which was officially measured at 6.41m.According to Shaili's mentor and legendary long jumper Anju Bobby George , the measurement was taken from the wrong mark.""We saw her jump was clearly ahead of the gold-winning mark. Initially, the official near the landing pit pointed to Shaili's leg mark for the measurement.""But later another official who was standing far behind came and pointed to a mark which was far shorter from board,"" Anju told PTI.'The measurement should have been done' differentlyAnju said the measurement was ultimately taken from the mark pointed out by the official who was standing farther away from the landing pit.""They took the measurement at the mark pointed by the official who was standing far behind. The measurement should have been done on the mark pointed by the official nearest to the landing pit,"" said Anju, who won a long jump bronze in the 2003 World Championships.Shaili also lodged a protest after the attempt, and the officials showed videos of the jump to the Indian team.Anju said the officials first showed them a front-view video, which the team felt could not establish where Shaili had landed.""We were called after the event, and the officials showed a front view video to us, which does not mean anything. How would you know where Shaili landed from a front view? We demanded a side view video, which they said was not with them.""Later, we made an appeal to the jury. The jury later sent their decision saying that they have looked into the side view videos also, and the earlier decision stands.Anju, who is also the senior vice president of the AFI, said the federation believes Shaili was denied a medal because of the measurement.""It's an injustice to Shaili. She could have even won gold if the correct measurement was made. So, we are going to CAS,"" Anju, also the senior vice president of the AFI, said.Another AFI top official also confirmed to PTI that the body is moving the Lausanne-based CAS against official decision.","The Athletics Federation of India (AFI) will approach the Court of Arbitration for Sport (CAS) over the measurement of Shaili Singh's fourth attempt in the women's long jump at the Asian Games. The AFI claims that officials measured the jump from a shorter mark, which cost Shailo a medal. Shaila finished fourth with a best jump of 6.42m on Sunday.","https://static.toiimg.com/thumb/msid-134546383,imgsize-29646,width-400,height-225,resizemode-4/shaili-singh-2809-s.jpg"
"Asian Games: Yashvir Singh wins silver, Rohit Yadav bronze as Rumesh Pathirage takes javelin gold in Neeraj Chopra’s absence",https://timesofindia.indiatimes.com/sports/asian-games-2026/asian-games-yashvir-singh-wins-silver-rohit-yadav-bronze-as-rumesh-pathirage-takes-javelin-gold-in-neeraj-chopras-absence/articleshow/134543483.cms,"Sri Lanka's Rumesh Pathirage, center, India's Yashvir Singh, left, and Rohit Yadav pose after the javelin throw final. (AP Photo)

Yashvir, Rohit keep India in medal hunt

Join conversation View All Comments → Share your thoughts in the comments Post Comment Be respectful · TOI community guidelines

India match Hangzhou medal haul

NEW DELHI: India's Yashvir Singh and Rohit Yadav stepped up in the absence of defending champion Neeraj Chopra to win silver and bronze respectively in the men's javelin throw at the Asian Games 2026 on Monday.Sri Lanka's Rumesh Pathirage, the world-leading thrower this season, lived up to his billing by winning gold with a best effort of 88.55m. Yashvir produced a personal best of 85.72m to finish second, while Rohit secured bronze with 84.35m.Chopra was ruled out of the Asian Games before leaving for Japan because of an injury, leaving India without the double defending champion and the man who had won gold at Hangzhou in 2022. The field also included Pakistan's Paris Olympic champion Arshad Nadeem, making the men's javelin competition one of the most closely watched athletics events.Yashvir made an immediate impact, opening with a throw of 83.56m to take the lead after the first attempt. Rohit moved into first place with his third throw of 84.35m, putting the two Indians in the top two positions midway through the first three rounds.But Pathirage changed the complexion of the contest with an 88.33m effort in his fourth attempt, moving into the lead and pushing the two Indians down to second and third.Yashvir then responded with a big throw of 85.15m in his fifth attempt to move back into silver-medal position.The Sri Lankan then sealed the gold with an even better 88.55m throw in his final attempt.Yashvir had one more response left. The Indian produced his best effort of the competition, throwing 85.72m with his final attempt to improve his personal best and secure the silver medal.Rohit, who had briefly led the competition, eventually had to settle for bronze with his 84.35m effort.The javelin podium represented another strong showing for India despite Chopra's absence. At the Hangzhou Asian Games in 2022, Chopra won gold with a throw of 88.88m, while Kishore Jena claimed silver with 87.54m.This time too, India had two athletes on the podium, with Yashvir and Rohit ensuring the country continued its medal-winning run in the event.Nadeem, one of the biggest names in the field following his Paris Olympic triumph, finished fourth with a season-best throw of 80.29m.",Sri Lanka's Rumesh Pathirage wins gold in men's javelin throw at Asian Games 2026. India's Yashvir Singh and Rohit Yadav claim silver and bronze respectively. India without defending champion Neeraj Chopra who is out with injury.,"https://static.toiimg.com/thumb/msid-134543523,imgsize-265690,width-400,height-225,resizemode-4/asian-games-javelin-throw.jpg"
Irish football body launches review over alleged racist ‘monkey chants’ after UEFA refuses to investigate Ireland-Israel clash,https://timesofindia.indiatimes.com/sports/football/top-stories/irish-football-body-launches-review-over-alleged-racist-monkey-chants-after-uefa-refuses-to-investigate-ireland-israel-clash/articleshow/134549814.cms,"Players of Israel, right, and Ireland stand for the anthems before the UEFA Nations League soccer match between Ireland and Israel in Debrecen, Hungary, Sunday, Sept. 27, 2026. (Zsolt Czegledi/MTI via AP)

FAI review allegations after Molumby raises concern during match

The Irish Times

X/@Red_united03 | According to FAI, Irish midfielder Jayson Molumby heard chants directed at Adam Idah.

Israeli supporters also filmed military chants after the defeat

Ireland's players had already taken several symbolic actions

Jake O'Brien and Manor Solomon also clashed during the match

Join conversation View All Comments → Share your thoughts in the comments Post Comment Be respectful · TOI community guidelines

The Football Association of Ireland is reviewing footage and audio recordings after an allegation that Irish forward Adam Idah was subjected to racist chanting during Ireland’s 3–0 Nations League win over Israel. The claim emerged after midfielder Jayson Molumby alerted match officials during the game, while UEFA has told the FAI that its own disciplinary process cannot begin because the required reporting procedure was not followed.The allegation centres on events during Ireland’s 3–0 victory over Israel at the Nagyerdei Stadium in Debrecen, Hungary, on Sunday.Idah, who scored Ireland’s second goal, is reported to have been targeted by chants from sections of the Israeli support. The 25-year-old, who was born to a Nigerian father and an Irish mother, was said to be unaware of the alleged abuse while the match was taking place.According to, Molumby heard what he believed were racist chants aimed at Idah before half-time. The Ireland midfielder approached referee Harm Osmers and fourth official Florian Exner and asked them to “listen”, pointing towards the stands.The officials did not hear chanting that they considered racist and the incident was not formally reported on the pitch as a racial-abuse allegation.A UEFA match delegate later informed the FAI that the matter could not be investigated through UEFA's disciplinary process because the correct protocol had not been followed. Molumby had not explicitly identified the chanting as racist when speaking to the officials, while the officials themselves had not heard the alleged abuse.The FAI has since decided to conduct its own review. The association is examining available video and audio footage to establish what was said in the stands and whether Idah was subjected to racist abuse.Al Jazeera has reported that videos circulating on social media appear to show Israeli supporters directing “monkey chants” towards Idah during the match.The allegations surrounding Idah emerged alongside another incident involving supporters in the Israeli section of the stadium.Youseph Haddad, who is described in the reporting as a member of an Israeli right-wing party and a candidate for the country's upcoming parliamentary elections, filmed himself among supporters during the match and posted footage on social media.The video showed supporters chanting about the Israeli military as their team fell to a 3–0 defeat.“Yes, we lose in football, but where we don’t lose, the IDF [Israeli Defence Force]. We always win,” Haddad said in the video.“So maybe the football Irish team beat us on the football field, but they will never, ever break the Israeli spirit.”It is not clear whether the chants about the Israeli military would fall within UEFA's rules on spectator behaviour. UEFA's disciplinary regulations allow sanctions ranging from fines to stadium closures and restrictions on away supporters when national associations are found responsible for prohibited spectator conduct, but such penalties require a disciplinary process.The match itself had already attracted significant attention before kick-off because of political pressure surrounding Ireland's decision to fulfil its Nations League fixtures against Israel.The FAI had previously asked UEFA whether Ireland and Israel could be kept apart in future competition draws. UEFA rejected that request, saying such decisions were not based on public sentiment and noting that the countries had never been in direct conflict.The events in Debrecen came after days of internal discussions within the Ireland squad over whether the fixture should be played.Goalkeeper Gavin Bazunu withdrew from the squad after speaking with his teammates and explaining that he did not feel he could participate in the matches against Israel.“I am a man of strong faith and try my best to be a person of character and principle. Therefore, I feel it would be wrong to participate in the upcoming fixtures against Israel,” Bazunu said.Ireland ultimately went ahead with the match after discussions between the players and the FAI. The decision came after months of pressure from campaigners calling for the fixtures to be boycotted in response to Israel's war in Gaza.On the pitch, Ireland's players wore black armbands, with FAI chief executive David Courell saying they were worn in recognition of “all lives lost” in the conflict. The players also bowed their heads during Israel's national anthem and did not shake hands with their opponents before kick-off.Ireland captain Dara O'Shea did not shake hands with Israel captain Dor Peretz, while reports also said O'Shea had pledged to donate his match earnings to humanitarian aid for Gaza.The match itself remained one-sided. Troy Parrott opened the scoring, Idah added the second and Jack Moylan completed the 3–0 victory.The political tension surrounding the fixture spilled into an on-field exchange involving Ireland defender Jake O'Brien and Israel winger Manor Solomon.Reports said the two players became involved in an angry confrontation during the match, with O'Brien allegedly telling Solomon: “Shame on you for what you’re doing in Gaza. You deserve to lose.”Solomon responded: “Come out, be a man. Don’t talk behind a wall. It’s a shame the game wasn’t in Israel, you would understand what the best country in the world is.”Speaking after the match, Solomon declined to repeat what had been said during the confrontation but made clear that the relationship between the two sides had become hostile.“They said nonsense during the game, I don’t want to comment on them,” Solomon said.He further added that he held back from saying more because of the possibility of suspension.“If I say what I think about them I’ll probably be banned for a few games so I don’t want to say, of course they hate us and we don’t like them.”Solomon also looked ahead to the return fixture.“I’m already looking forward to the next game against them, it’s going to be completely different.”He later added: “They (the Irish players) don’t interest me. We have a country ten times better than theirs, stronger, an amazing country with amazing people.”“We are proud to wear the team shirt and to be Israelis. We are proud of our state and of our soldiers.”“They can play all their tricks. We are Israelis and love the country. And that will always be the case.”Ireland's next Nations League match is against Austria at the Aviva Stadium on October 1, while Israel will host Kosovo on the same day.The return fixture between Ireland and Israel is scheduled for October 4 at the TSC Arena in Bačka Topola, Serbia. The FAI had moved the nominal home fixture there because of what it described as operational challenges, while Israel have continued to play their home internationals at neutral venues because of security concerns.",FAI reviewing footage and audio recordings after allegation that Irish forward Adam Idah was subjected to racist chanting during Ireland’s 3–0 Nations League win over Israel. The claim emerged after midfielder Jayson Molumby alerted match officials during the game. UEFA has told the FAI that its own disciplinary process cannot begin because the required reporting procedure was not followed.,"https://static.toiimg.com/thumb/msid-134550089,width-400,height-225,resizemode-4/ireland-israel-nations-league-soccer.jpg"
First time in football history: Two players sent off for pulling the same opponent with ridiculous 5ft-long dreadlocks,https://timesofindia.indiatimes.com/sports/football/top-stories/first-time-in-football-history-two-players-sent-off-for-pulling-the-same-opponent-with-ridiculous-5ft-long-dreadlocks/articleshow/134547650.cms,"Anguilla’s Aedan Scipio made football history during their Concacaf Nations League clash with Antigua, as Keon Greene and Shalon Knight were sent off for pulling his 5ft dreadlocks

Aedan Scipio’s hair became the target twice

Scipio became an unlikely viral sensation

Why hair-pulling can lead to a straight red card

Join conversation View All Comments → Share your thoughts in the comments Post Comment Be respectful · TOI community guidelines

Antigua and Barbuda still finished with a 5–0 victory

Aedan Scipio had only been on the pitch for a few minutes when his extraordinary dreadlocks became the centre of a bizarre international match. The 36-year-old Anguilla forward came off the bench against Antigua and Barbuda with his side already 5–0 down, but two opponents were later sent off for pulling his hair. Both incidents involved Scipio’s ankle-length dreadlocks, turning an otherwise one-sided Concacaf Nations League match into an unusual piece of football history.Scipio entered the match in the 69th minute at the Sir Vivian Richards Stadium, with Anguilla already facing a heavy deficit against Antigua and Barbuda.The 36-year-old, who plays for the Roaring Lions, is known for dreadlocks that stretch almost 1.5 metres and come close to his ankles when left loose. When tied back, the hair is often wrapped around his waist with a band, although even then it remains close enough to the ground to be grabbed by an opponent.That became particularly relevant in the second half.According to ESPN, Scipio had regained possession in his own area after being dispossessed when Antigua and Barbuda midfielder Keon Greene grabbed his hair and pulled him backwards. Scipio reacted angrily to the challenge, and the referee immediately showed Greene a straight red card in the 71st minute.The incident might have been strange enough on its own, but it was repeated later in the match.Deep into stoppage time, Scipio was advancing up the pitch when Antigua and Barbuda's Shalon Knight grabbed another section of his dreadlocks. The pull sent Scipio crashing to the ground, and Knight was shown a straight red card.Antigua and Barbuda finished with nine players, but the match had already produced a bizarre piece of football history: for the first time, two players had been sent off in the same game for pulling the hair of the same opponent. Both incidents involved Scipio and his extraordinary dreadlocks.The unusual sequence quickly spread online, with footage of both incidents attracting attention well beyond the Concacaf Nations League.Social-media users began referring to Anguilla as having found a ""cheat code"", because Scipio had entered the game with his team already five goals behind and subsequently contributed to two opposing players being dismissed.The joke, however, came from a very real physical problem created by the length of Scipio's hair.His dreadlocks are long enough to remain within an opponent's reach during a challenge, particularly when they are tied behind him. That does not make grabbing them permissible, but it helps explain why something rarely seen in professional football happened twice during the same matchScipio's appearance has also made him one of the more recognisable players in Anguilla's squad. The island nation remains among the lowest-ranked teams in international football, with ESPN reporting that Anguilla entered the match ranked 210th in the world, with only San Marino below them in FIFA's rankings.Antigua and Barbuda were ranked 163rd and entered the match as the higher-ranked side.The referee's decisions were not based on Scipio having unusually long hair, but on the nature of the challenges themselves.Under football's Laws of the Game, pulling an opponent's hair can constitute violent conduct when the action involves excessive force or brutality and is not an attempt to play the ball. A sufficiently serious hair pull can therefore result in a straight red card.The issue has become more prominent in English football in recent seasons.Three Premier League players were sent off for hair-pulling incidents during the previous season, involving Wolves striker Tolu Arokodare, Everton defender Michael Keane, Sunderland's Dan Ballard and Manchester United's Lisandro Martinez in separate incidents.Keane's dismissal was subsequently appealed, with the argument made that there had not been sufficient intent or force to justify a red card. The appeal against the dismissal was unsuccessful, as was a separate attempt to have his three-match suspension reduced.The Football Association panel considering the case included three former players and voted 2–1 that the red card had not been incorrect and that a three-match suspension was not excessive.Not every contact with an opponent's hair automatically produces the same punishment. The Premier League has introduced clearer guidance under which a hair pull that is not considered excessive can result in a yellow card, while more serious conduct can be treated as violent conduct and punished with a dismissal.In Scipio's case, both Antigua and Barbuda players were sent off after physically pulling him backwards, with Knight's challenge in particular taking the Anguilla player off his feet.The two red cards did not change the outcome of the match.Antigua and Barbuda had already built a five-goal advantage before Scipio entered the game, and even after being reduced to nine players they held on to win 5–0 at the Sir Vivian Richards Stadium.The victory came in League C, Group B of the Concacaf Nations League, giving Jacques Passy's side a comfortable result despite the extraordinary finish.For Anguilla, the scoreline remained the dominant fact of the night, but Scipio's brief cameo ensured that the match would be remembered for something else as well.Antigua and Barbuda will now face the consequences of losing Greene and Knight to suspension, with both players set to miss the next meeting with Anguilla on Friday.",Anguilla's Aedan Scipio had only been on the pitch for a few minutes when his extraordinary dreadlocks became the centre of a bizarre international match. The 36-year-old Anguilla forward came off the bench against Antigua and Barbuda with his side already 5–0 down. Keon Greene and Shalon Knight were later sent off for pulling his hair.,"https://static.toiimg.com/thumb/msid-134548511,imgsize-203214,width-400,height-225,resizemode-4/anguillas-aedan-scipio.jpg"
"Cape Verde World Cup hero Vozinha has 28m followers, new club and Ballon d’Or nomination but now wants his old life back",https://timesofindia.indiatimes.com/sports/football/top-stories/cape-verde-world-cup-hero-vozinha-has-28m-followers-new-club-and-ballon-dor-nomination-but-now-wants-his-old-life-back/articleshow/134546270.cms,"Cape Verde goalkeeper Vozinha leaves the field at half time during the World Cup round of 32 soccer match against Argentina in Miami Gardens, Fla., Friday, July 3, 2026. (AP Photo/Rebecca Blackwell)

Seven saves against Spain changed Vozinha's life

Cape Verde goalkeeper Vozinha takes a selfie with fans after the World Cup Group H soccer match between Cape Verde and Saudi Arabia in Houston, Friday, June 26, 2026. (AP Photo/David J. Phillip)

The Observer

The Observer

The fame followed him away from the football pitch

The Observer

His World Cup turned into a new career

Cape Verde goalkeeper Vozinha poses for photos during his presentation as a new player for Colo Colo at Monumental stadium in Santiago, Chile, Tuesday, Aug. 4, 2026. (AP Photo/Esteban Felix)

Join conversation View All Comments → Share your thoughts in the comments Post Comment Be respectful · TOI community guidelines

Six months ago, Vozinha was a goalkeeper playing in Portugal's second tier, living quietly in the small city of Chaves with little attention beyond Cape Verde. Then came seven saves against Spain at the World Cup, a million Instagram followers in a day and a level of fame he never expected. Now, with more than 28 million followers, he says he would choose his old life back.For anyone who follows football, Vozinha is now one of the recognisable faces of Cape Verde's remarkable World Cup story. Before the tournament, however, the 40-year-old goalkeeper was largely unknown outside his country and the Portuguese football circuit, where his professional life was centred on the small city of Chaves and the second tier.His real name is Josimar Jose Evora Dias, but it was the name Vozinha that suddenly became familiar around the world after Cape Verde's opening group match against Spain.The goalkeeper produced seven saves and kept a clean sheet against the side that would eventually become world champions, turning what had been an ordinary international fixture into the performance that transformed his life. Before kick-off, his Instagram account had around 56,000 followers.Within 24 hours, that number had passed one million.The explosion began with CazéTV, the Brazilian broadcaster that held rights to the tournament, encouraging its audience to follow Vozinha during the historic goalless draw.He did not initially understand what was happening.“A member of the team’s catering staff came up to me and told me I had a billion followers,” Vozinha told. “I had no idea what he was talking about; I thought he was joking, but he insisted. Later, I went to do some interviews in the mixed zone and a CazéTV journalist asked me if I knew what was happening.”The journalist showed him her phone, and that was when Vozinha saw that more than one million people were suddenly following his account.“She showed me her phone and that was when I saw that I had more than a million followers. I decided to turn off my Instagram notifications so I wouldn’t be tempted to keep checking who was following me.”The number did not stop there. Vozinha now has more than 28 million Instagram followers, putting him ahead of prominent American sports figures including Travis Kelce Patrick Mahomes and Tom Brady.The attention became so overwhelming that Vozinha, together with the Cape Verdean Football Federation, brought back his former manager to help deal with the sudden noise surrounding him and the team. Someone close to the dressing room told: “It wasn’t easy to get back to normal.”Even with his notifications switched off, friends continued telling him which famous people had started following him, while companies and brands began approaching him with commercial opportunities.“I know that during the World Cup there were lots of companies and brands that wanted to work with me,” Vozinha said, “but while we were competing I only did one promotional collaboration, with UFL Mobile. I don’t know what offers might come in the future, but for now I don’t want to work with any tobacco, alcohol or betting brands.”The World Cup gave Vozinha a new professional profile, but it also changed the most ordinary parts of his life.Speaking to, he explained that going out for dinner or simply being in public now comes with a level of attention he never experienced before.“I’ve lost my peace and tranquillity,” he said. “I no longer have any privacy, or at least much less than I used to. Now I go out, I go to a restaurant, and there’s always someone who wants to take a photo with me or asks me for an autograph. Or, worse, someone is filming me.“That’s what has changed most in my life, and I don’t think there’s anything I can do about it.”The attention has also reached his family in Cape Verde.His mother, who Vozinha describes as someone who finds it difficult to say no to people, now has supporters arriving at her home almost every day asking for photographs or wanting to speak with her. His father, who is more reserved, has learned to keep his distance.“I’m not there, so I can’t help them,” Vozinha said. “They have to learn to live with the situation and set boundaries.”That loss of privacy has made the goalkeeper unusually candid about the less attractive side of becoming famous, particularly because fame was never something he appears to have been seeking.“A lot of people want to be famous and have a public profile, but they only see the positive side of that reality,” Vozinha said. “To be honest, if I were offered the life I have today or the life I had before, I’d choose the one I had before.”For all the attention surrounding him, Vozinha has also been careful not to turn Cape Verde's World Cup into an individual achievement.The country went unbeaten in Group H, reached the knockout stage and produced one of the tournament's most unexpected stories. Vozinha was the standout performer, keeping two clean sheets and making 18 saves across the tournament before Cape Verde eventually lost 3-2 to Argentina after a late own goal from Diney Borges.“It’s nice to feel like a kind of ambassador, but I want to make it clear that what we achieved was a collective effort,” Vozinha said.“We made history and the best news would be if we could harness that momentum to develop our country and improve the living conditions of our people.”The attention around Vozinha did not disappear when Cape Verde's tournament ended.His performances helped earn him a move to Colo-Colo, the biggest and most successful football club in Chile, after the club showed the strongest interest in signing him.“They were the club that showed the most interest,” Vozinha said. “I didn’t receive any offers from the United States and there was some contact with Saudi Arabia, but nothing concrete. Hopefully I can play in the Copa Libertadores soon.”His international career also continued, despite the fact that he had initially planned to retire after the World Cup.Instead, the 40-year-old decided he still wanted to play and was preparing in Lisbon for the start of Cape Verde's 2027 Africa Cup of Nations qualifying campaign.“I still feel good,” he said.There was another unexpected development waiting for him, too. With a month remaining before the Ballon d'Or ceremony, Vozinha was named among the 10 nominees for the world's best goalkeeper.“I never imagined it could happen,” he said. “It was unthinkable, but I’m grateful to those who thought of me. Just being on that list is already a great honour.”His new career has therefore brought opportunities that would have been difficult to imagine before the World Cup, from a move to Colo-Colo and the possibility of playing in the Copa Libertadores to becoming one of the most recognisable players from Cape Verde's historic campaign.But the attention has come with a price that cannot be measured in followers, contracts or endorsements.","Cape Verde goalkeeper Vozinha has more than 28 million Instagram followers. The 40-year-old was largely unknown outside his country and the Portuguese football circuit. The World Cup gave him a new professional profile, but it also changed the most ordinary parts of his life.","https://static.toiimg.com/thumb/msid-134547121,imgsize-125156,width-400,height-225,resizemode-4/cape-verde-argentina-wcup-soccer.jpg"
‘Because of agents and family issues’: Brazil football legend Roberto Carlos reveals shocking loss of 99% of his $180m career earnings,https://timesofindia.indiatimes.com/sports/football/top-stories/because-of-agents-and-family-issues-brazil-football-legend-roberto-carlos-reveals-shocking-loss-of-99-of-his-180m-career-earnings/articleshow/134542343.cms,"Brazil legend Roberto Carlos reveals how he lost 99% of his football earnings/ Image: X, Instagram

Carlos says people he trusted emptied his bank account

His playing career generated enormous wealth

The career behind the fortune was extraordinary

Former Brazil player Roberto Carlos arrives to attend the draw for the 2026 soccer World Cup at the Kennedy Center in Washington, Friday, Dec. 5, 2025. (AP Photo/Julia Demaree Nikhinson)

Join conversation View All Comments → Share your thoughts in the comments Post Comment Be respectful · TOI community guidelines

Roberto Carlos made a fortune during a 24-year career spent winning almost everything there was to win, but the former Brazil and Real Madrid star says almost all of it is now gone. The 53-year-old has revealed that he lost 99% of what he earned from football, while giving only a limited explanation of how his finances unravelled and pointing instead to serious family problems, agents and people he trusted.Speaking at the Portugal Football Summit in Lisbon, Carlos opened up about his finances while discussing the importance of planning for life after football and protecting a player's image beyond the pitch.""I had problems with people who emptied my bank account. I lost 99% of everything I earned from football,"" Carlos said.He did not provide a full breakdown of what happened to his money, but said agents and family issues were central to the financial problems he experienced.""Because of agents and family issues, I lost 99% of everything I had earned in football,"" he added.Carlos also described the moment he realised the scale of what had happened, saying that it came with almost no warning.""I had a very serious family problem. One Thursday, I went to bed at midnight and the next day, I received a pile of documents I knew nothing about. That's when I realised I had lost my entire history.""Carlos did not identify the family members involved or explain precisely what the documents contained, so his comments do not establish that his children, wives or other relatives were personally responsible for the losses.His personal life has been unusually large by any measure, with Carlos having 11 children, relationships with seven women and two marriages, but he has not publicly attributed the financial problems to any particular member of his family.Reports from Globo have also pointed to problems involving agents and advisers, although Carlos himself has remained relatively vague about the precise circumstances.The numbers involved make the admission particularly striking. Estimates put Carlos' career football earnings at around $180 million, meaning that losing 99% would amount to more than $178 million and leave roughly $1.8 million from that original sum.Celebrity Net Worth, meanwhile, currently estimates his net worth at $5 million, although that figure is separate from Carlos' own account of losing 99% of his football earnings.Carlos had the kind of career that made significant wealth possible, particularly during the peak years of European football's spending boom.He spent 11 seasons with Real Madrid, making 527 appearances and winning four La Liga titles and three Champions League trophies. He played alongside Zinedine Zidane , Luis Figo, Ronaldo and David Beckham during the club's famous Galácticos era and became one of the defining left-backs of his generation.When Carlos renewed his Real Madrid contract in 2000, he reportedly received an $8.5 million signing bonus alongside a $5.1 million annual salary, with the club also covering his home rent and six trips to São Paulo each season.After leaving Madrid in 2007, he joined Fenerbahçe, where he earned €4.2 million net per season.Even later in his career, the money remained substantial. In 2011, at the age of 37, Russian club Anzhi Makhachkala offered him a contract worth €6 million per year, then approximately $9 million.Carlos eventually continued playing into his 40s, making his final appearances as a player-manager in India in 2015.Across those years, his football career is estimated to have generated around $180 million, a figure that reflects both his club contracts and the extraordinary commercial value attached to one of the sport's most recognisable defenders.Carlos' financial story is difficult to separate from just how successful he was as a footballer.For Brazil, he played at three World Cups and helped the country win the 2002 tournament after reaching the final four years earlier. He made more than 120 appearances for the national team and spent much of his peak being regarded as not only the world's leading left-back but one of the best players in football.He came close to major individual honours as well. Carlos finished second to Ronaldo in the 1997 FIFA World Player of the Year voting and again finished second to his Brazilian teammate for the 2002 Ballon d'Or after winning the World Cup.His most famous moment may have come in 1997, when his free-kick against France appeared to be travelling several yards wide before swerving dramatically back towards the goal. The strike became one of football's most famous goals and was subsequently studied by physicists because of the unusual trajectory.Away from the pitch, Carlos says he had always understood that his playing career would eventually end and that he needed something to fall back on.""I made mistakes, and therefore, I ask younger players not to do the same. I always thought about future plans after my playing career,"" he said.Carlos said he had already obtained his sporting director's licence by the time he decided to leave football and was working with several brands, allowing him to build a second career around his name and reputation.""It's about building a history as a player and leveraging your image,"" he said. ""When I decided to leave football, I already had my sporting director's licence and was working with many brands.""Carlos now works in football and continues to operate as a brand ambassador, including in his role with Real Madrid as an ambassador for Asia and Oceania and director of institutional relations.His warning to younger players is consequently less about the size of a footballer's salary than what happens around it. Carlos earned millions at some of the biggest clubs in the world, built a career that produced World Cup and Champions League titles, and became one of the most recognisable players of his era.Yet he says that people he trusted, agents and serious family problems ultimately left him with only a fraction of what that career had generated.Carlos has not provided all the details behind the losses, but his message at the Portugal Football Summit was clear enough: earning a fortune during a football career is one thing, protecting it when other people have access to your finances is another.",Brazil legend Roberto Carlos reveals how he lost 99% of his football earnings. Carlos says people he trusted emptied his bank account. The 53-year-old made a fortune during a 24-year career spent winning almost everything there was to win. Estimates put Carlos' career football earnings at around $180 million.,"https://static.toiimg.com/thumb/msid-134543254,imgsize-136554,width-400,height-225,resizemode-4/brazil-legend-roberto-carlos.jpg"
"Could Erling Haaland be forced to leave Manchester City for Real Madrid, Barcelona or PSG if the club is relegated?",https://timesofindia.indiatimes.com/sports/football/top-stories/could-erling-haaland-be-forced-to-leave-manchester-city-for-real-madrid-barcelona-or-psg-if-the-club-is-relegated/articleshow/134543480.cms,"Manchester City's Erling Haaland warms up prior to the English Premier League soccer match between Manchester City and Bournemouth in Manchester, England, Sunday, Aug. 23, 2026. (AP Photo/Dave Thompson)

Haaland chose City despite knowing the 115-charge case was hanging over the club

Manchester City have officially confirmed the signing of Erling Haaland |courtesy-@ManCity on Twitter

A heavy punishment could change the equation completely

Manchester City's Erling Haaland walks off the pitch after the English Premier League soccer match between Manchester City and Sunderland in Manchester, England, Sunday, Sept. 20, 2026. (AP Photo/Dave Thompson)

Real Madrid, Barcelona and PSG would be the obvious destinations

PSG have the money, while Bayern, Chelsea, Arsenal and even Leeds remain longer shots

Join conversation View All Comments → Share your thoughts in the comments Post Comment Be respectful · TOI community guidelines

Erling Haaland signed one of the longest contracts in Premier League history because he believed in Manchester City's plans for the future, but the circumstances around the club have changed dramatically since then. Reports that City have been found guilty of 114 of the 115 Premier League financial charges have brought the possibility of serious sporting sanctions back into focus, with the club expected to appeal and no punishment yet decided.But if the eventual punishment were severe enough to push City out of the Premier League, the conversation around their biggest players would change quickly. Haaland, more than almost anyone else in the squad, would become the centre of it.In January 2025, the Norwegian signed a new nine-and-a-half-year contract that runs until the summer of 2034, committing him to City for what was then described as the longest deal in Premier League history. The club confirmed the agreement and Haaland said he was happy to continue his career at the Etihad.When he was asked whether the 115 charges had influenced his decision to sign such an extraordinary contract, Haaland made clear that they had not.""No, I haven't thought of that or anything,"" he said. ""I am confident that the club know what they are doing and I really don't think I should speak too much about this.""He maintained that position in March 2025 when reporters asked whether he was concerned about the possibility of a significant punishment.""I don't do that, obviously, when I sign a nine-and-a-half-year contract,"" Haaland said. ""I've said 300 times why I signed the contract. I talked to the club, got a good feeling and agreed to it in the end. That's why.""By July, when he spoke to TIME , Haaland was still relying on those conversations with City's hierarchy.""I spoke with the bosses, and in the end, I believe them,"" he said. ""It's such a tricky situation for me to even sit there and speak about, because I wasn't really involved.""Haaland also did not sign his new deal expecting to leave anytime soon. His contract runs until 2034, and City presented it as a long-term commitment when the extension was announced. Reports at the time also suggested that the release clauses included in his previous agreement had been removed.There have, however, been reports of a separate mechanism that could allow Haaland to leave around 2030 for a fee that would gradually decrease. So, what happens if City are actually relegated? There is reportedly no clause in Haaland’s contract that would allow him to walk away automatically if that happens. City sources have also maintained that Haaland and the club’s other key players do not have release clauses.There have, however, been reports of a separate mechanism that could allow Haaland to leave around 2030 for a fee that would gradually decrease.There’s still a long way to go before City know what punishment, if any, they will face. The reported findings are not the final word, and the club is expected to appeal. For now, that leaves the biggest question hanging over the whole situation: just how serious will the eventual punishment be?If the eventual outcome were a fine or a relatively manageable points deduction, there would be little reason to assume Haaland's position had fundamentally changed.A far more serious sporting punishment would be different.A sufficiently large points deduction could threaten City's Premier League survival, while expulsion from the division would create an even more dramatic situation. Previous reporting on the case has identified sanctions ranging from financial penalties and points deductions to more severe sporting consequences, including demotion.Money would be another big part of the equation. If City were relegated, the financial hit would be huge. The club could be forced to cut its wage bill, and Haaland’s reported £525,000-a-week ($710,000) salary would make him an obvious part of that conversation. Selling him would also bring in a massive transfer fee, making the Norwegian one of the biggest financial decisions City could face.The absence of a relegation clause means the club would still have considerable control over any transfer, and City have shown little indication that they intend to dismantle their squad simply because the legal process has reached a new stage. But if the financial and sporting consequences became severe enough, selling one of the world's most valuable players could become a very different proposition.And if Haaland himself decided that remaining outside the Premier League was not compatible with his ambitions, the situation could develop into the kind of blockbuster transfer that few clubs could afford to ignore.There would be no shortage of interest if Haaland ever became available, but the combination of his wages and the transfer fee would immediately reduce the list of realistic destinations.Paris Saint-Germain would have the financial capacity to enter the conversation, while their status at the top of European football would give Haaland a route to remain in the Champions League rather than taking a step down with City.Then there are the two Spanish giants that have been linked with him for years.Barcelona president Joan Laporta is a known admirer of Haaland, and the club has previously been reported to have considered an attempt to sign the Norwegian. Barcelona's finances, however, would make a deal of this scale particularly difficult. The club has faced significant financial constraints, and finding room for Haaland's wages alongside a potentially enormous transfer fee would require considerable financial manoeuvring.There is also a footballing argument for Barcelona.Haaland would provide the specialist centre-forward presence that Barcelona have looked for at various points, while Raphinha's ability to operate from the wing or centrally could give the team some flexibility around him. Barcelona had also previously shown interest in Julian Alvarez when looking to strengthen the striker position, underlining the importance they have placed on the role.Real Madrid offer a different problem because the question would not simply be whether they can afford Haaland.Madrid have long been linked with the Norwegian, and their financial strength would make a move conceivable, but Kylian Mbappe already occupies a prominent central attacking role alongside Vinicius Junior, Jude Bellingham and the rest of the club's attacking options.Bringing Haaland into that group would therefore require a tactical reshuffle.Both Haaland and Mbappe have built their reputations as the focal points of elite attacks, so fitting them into the same team would be one of the major footballing questions surrounding any potential Madrid move. That does not make a transfer impossible, but it would make the footballing structure as important as the finances.For now, neither Barcelona nor Real Madrid has taken an official step to sign Haaland, and there is no confirmed transfer agreement involving either club.The financial reality means that the list cannot simply include every major European club.Bayern Munich, Chelsea and perhaps Arsenal could emerge as alternatives if Haaland were genuinely placed on the transfer market, although each would face its own financial and sporting considerations. Several Saudi Pro League clubs could also afford the wages and transfer fee, although such a move would represent a different career choice for a player still operating at the centre of European football.Then there is Leeds United, which offers the most personal storyline of all.Haaland was born in Leeds, and he grew up supporting the club where his father, Alfie Haaland, played between 1997 and 2000. A return to Yorkshire would therefore have an obvious emotional appeal and would make for one of the most striking transfers in English football.The financial reality, however, is much harder to overcome.Leeds would have to find a way to match Haaland's enormous wages as well as the transfer fee that City would demand for a player contracted until 2034. Even if the striker had a personal connection to the club, those numbers would make the move extraordinarily difficult.For now, the biggest variable is not Real Madrid, Barcelona or PSG. It is Manchester City's case itself.The reported findings have moved the long-running saga into another stage, but sanctions have not yet been settled and City are expected to appeal. Until that process produces a sporting consequence, Haaland remains a Manchester City player with a contract stretching to 2034.If the punishment ultimately leaves City in the Premier League, the transfer speculation may amount to little more than another round of headlines. If it instead threatens the club's place in English football, Haaland's future becomes one of the most significant questions in the aftermath.And even then, his contract means he would not simply walk away. Any move to Madrid, Barcelona, PSG or elsewhere would still have to be negotiated.",Erling Haaland signed a new nine-and-a-half-year contract that runs until the summer of 2034. He chose City despite knowing the 115-charge case was hanging over the club. Reports that City have been found guilty of 114 of the 115 Premier League financial charges have brought the possibility of serious sporting sanctions.,"https://static.toiimg.com/thumb/msid-134544454,imgsize-85100,width-400,height-225,resizemode-4/aptopix-britain-premier-league-soccer.jpg"
Ronaldo left fuming? Portugal star skips fans after being benched for full game for first time in 18 years despite 2-1 win over Haaland’s Norway,https://timesofindia.indiatimes.com/sports/football/top-stories/ronaldo-left-fuming-portugal-star-skips-fans-after-being-benched-for-full-game-for-first-time-in-18-years-despite-2-1-win-over-haalands-norway/articleshow/134536786.cms,Ronaldo left fuming? Portugal star skips fans after being benched for full game for first time in 18 years despite 2-1 win over Haaland’s Norway,Cristiano Ronaldo left fuming after being benched for full game for first time in 18 years despite 2-1 win over Haaland’s Norway. Portugal star skips fans after first time he has been benched in a competitive game for 18 years.,"https://static.toiimg.com/thumb/msid-134540528,imgsize-10353487,width-400,height-225,resizemode-4/portugal-wales-nations-league-soccer.jpg"
"'I’ve already thought about it' Joao Felix vows to be the one to assist Cristiano Ronaldo’s historic 1,000th goal",https://timesofindia.indiatimes.com/sports/football/top-stories/ive-already-thought-about-it-joao-felix-admits-he-has-planned-how-he-wants-cristiano-ronaldo-to-reach-his-historic-1000-goal-mark/articleshow/134526182.cms,"Joao Felix says he wants to be the one to assist Cristiano Ronaldo’s historic 1,000th goal

Felix has already imagined Ronaldo's 1,000th goal

Felix is becoming an important figure alongside Ronaldo

Ronaldo's chase continues with Portugal and Al-Nassr

Join conversation View All Comments → Share your thoughts in the comments Post Comment Be respectful · TOI community guidelines

Cristiano Ronaldo is closing in on 1,000 career goals, but one of his Portugal and Al-Nassr teammates has already thought about how he would like the landmark moment to happen. Joao Felix has admitted that he wants to be the player who provides the assist for Ronaldo's historic strike, having shared the pitch with the five-time Ballon d'Or winner at both club and international level.Ronaldo has scored 979 goals for club and country, leaving him 21 short of the 1,000-goal mark. A VAR check denied him what would have been his 980th goal during Portugal's recent victory over Wales, meaning the wait for one of football's most remarkable individual milestones continues.Felix, meanwhile, has made no secret of the fact that he would love to play a direct part in the moment, and he has already imagined what he would do if Ronaldo reaches the final goal with him on the pitch.Speaking to AS in an interview carried by A Bola, Felix was asked about the possibility of helping Ronaldo reach the landmark, and his answer suggested that the scenario has already crossed his mind.""I've already thought about it,"" Felix said.""When he has one goal left, I'll see if I can provide the assist for him. That goal will remain in the history of football, and to contribute to it would be a wonderful moment.""Ronaldo's pursuit of 1,000 goals has become one of the defining individual storylines of his later career, with the 41-year-old continuing to add to a tally that has already passed 900 despite being well beyond the age at which most elite forwards have retired.Felix is not simply a teammate waiting for the opportunity to create Ronaldo's milestone. The Portugal international is enjoying an increasingly productive period of his own since moving to Saudi Arabia, where he has established himself as an important player for Al-Nassr.The former Atletico Madrid and Chelsea forward was named the best player in Al-Nassr's recent league title triumph and believes his move to Saudi Arabia in the summer of 2025 has helped him reach another level of maturity.Felix has registered 30 goals and 22 assists in 55 appearances across all competitions for the club.His contribution also helped Al-Nassr finally secure the Saudi Arabian title, something that Felix described as particularly special because of what it meant to Ronaldo, who had been pursuing the league championship since arriving in Saudi Arabia.That shared experience has given Felix another reason to appreciate the opportunity of playing alongside Ronaldo, both at club level and with Portugal.""It's something few people in football can say they've done, playing with him on the national team and at club level. It's an honor,"" Felix said.""We grew up seeing Cristiano as our idol, a role model, and now I can share moments with him.""Ronaldo has already made seven appearances for Al-Nassr across all competitions this season, scoring three goals, and he will have further opportunities to reduce the 21-goal gap as the campaign progresses.He was also involved as Portugal began their Nations League campaign, with Jorge Jesus' side beating Wales 1-0 thanks to a decisive goal from Felix.Portugal are competing in League A Group 4 and have a demanding international schedule ahead, with a trip to face Denmark on October 1 followed by another meeting with Norway on October 4.The immediate focus remains on winning those matches, but Ronaldo's personal pursuit will continue to follow him into every game.At 979 goals, the target is close enough for teammates to think about what the eventual 1,000th might look like. Felix has already decided what his preferred role would be: having the ball at the right moment, seeing Ronaldo's run and supplying the pass that could become part of football history.For now, though, Ronaldo still has 21 goals to find.","Cristiano Ronaldo is 21 goals short of 1,000 goals for club and country. Portugal and Al-Nassr teammate Joao Felix wants to be the one to assist the milestone. The 41-year-old has already imagined what his preferred role would be.","https://static.toiimg.com/thumb/msid-134529160,imgsize-107632,width-400,height-225,resizemode-4/joao-feloix.jpg"
The surprising reason Cristiano Ronaldo paints his toenails black ahead of Portugal vs Norway clash,https://timesofindia.indiatimes.com/sports/football/top-stories/the-surprising-reason-cristiano-ronaldo-paints-his-toenails-black-ahead-of-portugal-vs-norway-clash/articleshow/134524042.cms,"Cristiano Ronaldo has black painted toenails as Portugal star shows them off ahead of Norway clash/ Image: Instagram

So why does Cristiano Ronaldo paint his toenails black?

Ronaldo is not the only sports star doing it

Ronaldo is still chasing the 1,000-goal mark

Join conversation View All Comments → Share your thoughts in the comments Post Comment Be respectful · TOI community guidelines

Cristiano Ronaldo's latest pre-match picture caught people's attention for a reason that had nothing to do with football, as the Portugal superstar showed off his black toenails while preparing for the Nations League clash with Norway.The 41-year-old is expected to feature for Portugal on Sunday evening and posted a picture of himself wearing leg compression boots as part of his recovery routine. But with his bare feet also visible, it was the colour of Ronaldo's toenails that immediately stood out.Ronaldo has always been obsessive about what he does away from the pitch, with his training, recovery and general approach to looking after his body playing a huge part in his extraordinary longevity. Even his painted toenails, it turns out, have a practical reason behind them.Ronaldo's feet have taken plenty of punishment over the course of a career that has lasted more than two decades, but the black colour on his toenails is reportedly not simply the result of bruising or the wear and tear of playing football.The Athletic reported that Ronaldo paints his toenails black because the nail polish is believed to offer some protection against bacteria and fungal infections.That is particularly relevant for someone who trains and exercises almost every day and spends long periods wearing sweaty football boots and training shoes. Warm, damp conditions can make it easier for fungal infections to develop, which is why foot care becomes particularly important for athletes who spend so much time in footwear.Britain's Royal College of Podiatry has previously pointed to a small study suggesting that nail varnish could provide some protection, although good foot hygiene remains the most important way to prevent problems.Dr Helen Branthwaite, a spokesperson for the Royal College of Podiatry, told The Athletic : “With over 250,000 sweat glands in your feet, the average person will produce around half a pint of sweat per day in their feet.”She explained that most fungal toenail infections begin with a fungal skin infection, commonly known as athlete's foot, which can then spread to the toenail.“Virtually all fungal toenail infections come from fungal skin infections, commonly known as athlete’s foot, which then spreads to the nail,” Branthwaite said.“Leaving this skin infection untreated is the biggest risk factor for developing nail fungus.”So while the black toenails might look unusual when Ronaldo posts a picture from his recovery routine, there is reportedly more to them than simply making a statement.The habit is not particularly unusual in combat sports, where athletes regularly deal with heavy training loads, sweaty footwear and repeated impact on their feet.Former heavyweight boxing champion Mike Tyson is understood to have painted his nails during his career, while former UFC middleweight champion Israel Adesanya has also been seen with painted nails.Former UFC heavyweight champion Andrei Arlovski was another fighter who sported painted nails during his career.There are also specialist nail varnishes and treatments that market themselves as helping to inhibit fungal growth, although Branthwaite stressed that the simplest form of prevention is still “good foot hygiene”.Ronaldo is also a well-known fan of the UFC, the Ultimate Fighting Championship, and the practice has become particularly visible among professional fighters.That does not necessarily mean Ronaldo is copying the fighters, however, with the explanation given for his own routine being linked to protecting his toenails rather than simply following a trend.For a player who has built much of his career around tiny details, it is perhaps fitting that even something as small as his toenails has become part of his preparation.The black toenails may have been the talking point in Ronaldo's latest picture, but there is a much bigger number he is still chasing on the pitch.The Portugal captain has scored 979 goals for club and country and is now targeting the extraordinary milestone of 1,000 career goals.He came agonisingly close to reaching 980 in Portugal's win over Wales, only for a VAR check to prevent the goal from counting and leave him on 979.Ronaldo is expected to lead Portugal's attack again against Norway, with the latest Nations League fixture another opportunity to continue what has become one of the most remarkable scoring records in football.At 41, the forward is still putting the same attention into recovery and preparation that has helped keep him playing at the highest level for so long.And if that means painting his toenails black before pulling on his boots, Ronaldo clearly has no problem with it.","Cristiano Ronaldo posts picture of his black painted toenails on Instagram. Portugal star is preparing for Nations League clash with Norway on Sunday. Portugal captain is still chasing the 1,000-goal mark for his club and country. Ronaldo is expected to start against Norway at the Estadio Mineirao.","https://static.toiimg.com/thumb/msid-134524895,imgsize-96628,width-400,height-225,resizemode-4/cristiano-ronaldo.jpg"
Ireland name defender as goalkeeper in bizarre move ahead of reluctant Nations League clash with Israel,https://timesofindia.indiatimes.com/sports/football/top-stories/ireland-name-defender-as-goalkeeper-in-bizarre-move-ahead-of-reluctant-nations-league-clash-with-israel/articleshow/134521415.cms,"Ireland's players pose for the team picture before the UEFA Nations League soccer match between Kosovo and Ireland in Pristina, Kosovo, Thursday, Sept. 24, 2026. (AP Photo/Visar Kryeziu)

Bazunu pulls out after players spend hours discussing the fixture

So Ireland turned a defender into a goalkeeper

Join conversation View All Comments → Share your thoughts in the comments Post Comment Be respectful · TOI community guidelines

The match will go ahead despite the pressure around it

Ireland have found themselves in a remarkably unusual situation ahead of their Nations League meeting with Israel, with QPR defender Jimmy Dunne being listed as a goalkeeper after Gavin Bazunu withdrew from the squad.Bazunu's decision came after a day of lengthy discussions within the Ireland camp over whether the fixture should go ahead at all. The team eventually voted by a “significant majority” to play, but Bazunu decided he could not take part, saying his personal beliefs meant he felt it would be wrong to participate in the matches against Israel.That left Ireland needing another goalkeeper on the squad list, and Dunne, who normally plays at centre-back for QPR, was the rather unexpected solution. UEFA's squad listing now includes him alongside Caoimhín Kelleher and Max O'LearyThe Ireland camp had already been under considerable pressure in the build-up to the match, with calls in Ireland for the team to boycott the two Nations League fixtures against Israel.The first meeting is being played in Debrecen, Hungary, with Ireland's other fixture against Israel scheduled for October 4 in Bačka Topola, Serbia. The controversy surrounding the games has been linked to Israel's military actions in Gaza and the wider political debate around whether Israel should be taking part in international football.Things became particularly tense on Saturday when Ireland's scheduled training session and press conference were delayed by more than five hours while the players discussed whether they should fulfil the fixture.FAI chief executive David Courell said one player had told manager Heimir Hallgrímsson that they were uncomfortable taking part and intended to withdraw from the squad.“What proceeded was another four hours of conversations, predominantly amongst the players themselves, but also at times with the coaching staff and the executive,” Courell said.“Ultimately we carried out a vote amongst the squad ... and it was a significant majority that was returned with the intention to continue.”The player was later confirmed as Bazunu, who explained his decision in a statement posted on Instagram.“Representing my country means everything to me. I have the utmost respect for every single one of my teammates, the manager, his staff, and the Irish people,” Bazunu said.“However, I have reached a decision that I have not taken lightly. I am a man of strong faith, and try my best to be a person of character and principle, therefore I feel it would be wrong to participate in the upcoming fixtures against Israel.”Bazunu said his decision was based on his personal belief that killing innocent people was wrong, while making clear that he did not intend his position to be directed at Israeli people or the Jewish community.“My decision is based purely on my personal belief that the killing of innocent people is wrong,” he said.“It is important to note that my stance is not in opposition of the Israeli people or the Jewish community, but against the atrocities in the region.”He added: “There are a few times where you get a chance in life to stand up for something bigger, and I strongly believe that this is one of them.”Bazunu's withdrawal left Ireland needing to make a change to their squad, with UEFA regulations requiring three goalkeepers to be listed.The QPR defender is normally used at centre-back and has no regular role as a goalkeeper, but he has now been listed as Ireland's third goalkeeper for the match. UEFA's official squad list places Dunne at No.23 alongside Kelleher and O'Leary.It is an unusual sight for an international squad, but it gives Ireland the third goalkeeper required for the fixture after Bazunu's departure.Courell also confirmed that the players who remain with the squad had agreed to make several changes to the usual matchday routine as a way of showing their unease with the situation.Ireland intend to wear black armbands “in recognition of all the lives lost in the conflict”, while players will also refrain from parts of the normal pre-match ceremony, including the handshake and exchange of pennants.The squad have also decided to effectively remove their media obligations for the remainder of the international window, according to Courell.The FAI said there would also be significant charitable contributions connected to match fees and revenue from the Austria fixture.For all the uncertainty surrounding the fixture, Ireland's players ultimately decided that the match should be played.The vote followed several hours of discussion, with Courell saying a “significant majority” of the squad wanted to continue with the games. Hallgrímsson also confirmed that the fixture would go ahead, despite the withdrawal of one player.That means Ireland will face Israel in Debrecen, with Dunne now listed as one of the three goalkeepers and Bazunu watching from outside the squad.The second meeting between the teams will take place in Bačka Topola, Serbia, on October 4, with that fixture scheduled to be played behind closed doors. Bazunu has also made clear that his decision applies to the upcoming fixtures against Israel.",QPR defender Jimmy Dunne listed as Ireland's third goalkeeper. Gavin Bazunu pulls out after players spend hours discussing the fixture. Ireland's scheduled training session and press conference were delayed by more than five hours while the players discussed whether they should play. Ireland camp had already been under considerable pressure in the build-up to the match.,"https://static.toiimg.com/thumb/msid-134522888,imgsize-187104,width-400,height-225,resizemode-4/kosovo-ireland-nations-league-soccer.jpg"
Kansas City Chiefs’ billionaire owners expand their business empire with $1 billion project amid team’s winning streak,https://timesofindia.indiatimes.com/sports/nfl/news/kansas-city-chiefs-billionaire-owners-expand-their-business-empire-with-1-billion-project-amid-teams-winning-streak/articleshow/134553755.cms,"Hunt family's project.(Image via Getty Images)

Kansas City Chiefs’ billionaire owners work on a billion dollar transformation project in the middle of the new season

Join conversation View All Comments → Share your thoughts in the comments Post Comment Be respectful · TOI community guidelines

Kansas City Chiefs’ billionaire CEO Clark Hunt stands strong with the team through all the challenging days

The Kansas City Chiefs’ owners, the Hunt Family, have remained pretty passionate about the team as they focus on supporting them in the new season. As the team remains unbeatable on the field in the new season, it seems the Hunt family is now looking into a billion dollar expansion project.As per report, the Kansas City Chiefs CEO and Chairman, Clark Hunt along with his brother Dan Hunt are working on developing the area surrounding FC Dallas's Toyota Stadium.There are plans to set up restaurants, a mini soccer pitch, a nine-story hotel with nearly 300 rooms and 40,000 square feet of convention space and about one million square feet of ""premium office space.""The billion dollar project is being worked on by the Hunt’s family’s Hunt Sports Development, along with Peak Curated Development and Venu Holding Corporation.As per NBC, the Kansas City Chiefs CEO and Chairman, Clark Hunt reflected on the family’s vision as he said, “Nearly three decades ago, my dad, Lamar Hunt, worked with the City of Frisco to build a stadium surrounded largely by farmland. He had a vision that someday it would become the center of a vibrant community…Today, it is our honor to build upon our dad’s legacy and help bring that vision to life.”FC Dallas President Dan Hunt said, ""We hope our fans now, instead of spending two hours here or spending five or six hours, maybe a whole day here, enjoying the districts around the stadium and also then coming to the match that night…”For now, the focus remains on the Kansas City Chiefs as the team has witnessed a winning streak in the new season after missing out on the playoffs in the last season.The Kansas City Chiefs CEO and Chairman, Clark Hunt has remained supportive of the team and had even supported quarterback Patrick Mahomes when he was getting trolled.A few months ago, the Kansas City Chiefs CEO and Chairman, Clark Hunt said in an interview,""I was with Patrick a couple of days ago in our training room, watching him go through the work he's doing to get back on the field. Nobody works harder than Patrick.”The billionaire owner added, ""He certainly has a goal to be back for the beginning of the season,""At this point in time, all eyes remain on the Kansas City Chiefs clash in Week 4 after the team witnessed a winning streak against the Miami Dolphins, the Indianapolis Colts and the Denver Broncos.","The Hunt family is working on developing the area surrounding FC Dallas's Toyota Stadium. There are plans to set up restaurants, a mini soccer pitch, a nine- story hotel with nearly 300 rooms and 40,000 square feet of convention space. The billion dollar project is being worked on by the Hunt family’s Hunt Sports Development, along with Peak Curated Development and Venu Holding Corporation.","https://static.toiimg.com/thumb/msid-134553773,imgsize-1076785,width-400,height-225,resizemode-4/clark-hunt.jpg"
Why did Dak Prescott question the Cowboys’ goal-line approach? QB delivers a pointed message after 34-31 loss,https://timesofindia.indiatimes.com/sports/nfl/news/why-did-dak-prescott-question-the-cowboys-goal-line-approach-qb-delivers-a-pointed-message-after-34-31-loss/articleshow/134553646.cms,Why did Dak Prescott question the Cowboys’ goal-line approach? QB delivers a pointed message after 34-31 loss,Dak Prescott questioned the Cowboys’ goal-line approach. The Cowboys lost 34-31 to the Packers on Sunday night. Prescott said the team should have tried to stop the Packers at the goal line. He also questioned the team’s strategy at the line of scrimmage.,"https://static.toiimg.com/thumb/msid-134553646,imgsize-77010,width-400,height-225,resizemode-4/134553646.jpg"
Patrick Mahomes and Brittany Mahomes’ $320 million team avoids disaster as Kansas City Current secures crucial win,https://timesofindia.indiatimes.com/sports/nfl/news/patrick-mahomes-and-brittany-mahomes-320-million-team-avoids-disaster-as-kansas-city-current-secures-crucial-win/articleshow/134529791.cms,"Patrick Mahomes' team.(Image via Getty Images)

Patrick Mahomes and his wife, Brittany Mahomes, investment in the Kansas City Current works wonders ahead of the NWSL Championship

Join conversation View All Comments → Share your thoughts in the comments Post Comment Be respectful · TOI community guidelines

Patrick Mahomes and his wife Brittany Mahomes remain committed to their investment in the Kansas City Current","Patrick Mahomes and his wife, Brittany Mahomes, investment in the Kansas City Current works wonders ahead of the NWSL Championship. Patrick Mahomes' team is currently in second place in the Missouri Valley Soccer League. The Kansas City current are currently in third place in their division.","https://static.toiimg.com/thumb/msid-134529815,imgsize-951843,width-400,height-225,resizemode-4/patrick-mahomes.jpg"
Travis Kelce’s Six Flags hit by 45.94% stock slide as market value drops to $1.24 billion,https://timesofindia.indiatimes.com/sports/nfl/news/travis-kelces-six-flags-hit-by-45-94-stock-slide-as-market-value-drops-to-1-24-billion/articleshow/134553053.cms,"Travis Kelce (Getty Images)

Travis Kelce’s Six Flags investment faces a new setback

Six Flags faces pressure as Kelce expands his role

Join conversation View All Comments → Share your thoughts in the comments Post Comment Be respectful · TOI community guidelines

Six Flags Entertainment is facing another difficult moment in the market, with its stock falling to a 52-week low of $11.97 on September 28. The drop is notable for Travis Kelce , who has a financial connection to the amusement park operator and became part of an investment group that acquired an economic interest in the company. Six Flags has also since made Kelce a brand ambassador, giving the NFL star a much closer relationship with the company as it works through financial and operational challenges.The latest decline puts Six Flags shares well below where the stock traded when Kelce joined JANA Partners and other executives in the investment group in October 2025. The group disclosed an economic interest of about 9% in the company and said it planned to engage with management and the board over ways to improve shareholder value and the guest experience.Kelce’s involvement was not simply a business decision. He has spoken about his personal connection to the amusement park chain and his childhood memories of visiting its parks.“I am a lifelong Six Flags fan and grew up going to these parks with my family and friends,” said Travis Kelce.Nearly a year later, the investment is under renewed pressure as Six Flags shares have fallen sharply. The company’s stock was trading around $11.98 in the latest report, while its market value stood at roughly $1.24 billion.The stock decline comes after Six Flags reported weaker-than-expected second-quarter results. The company recorded adjusted earnings of $0.34 per share on revenue of $864.9 million, below Wall Street expectations of $0.42 per share and $935.2 million in revenue.Analysts have responded differently to the results. UBS reduced its price target from $30 to $27 but maintained a Buy rating. Citizens also lowered its target, from $29 to $24, while retaining its Market Outperform rating. Mizuho took a more cautious position, cutting its target from $28 to $10 and downgrading the stock to Underperform.Meanwhile, Kelce’s relationship with Six Flags has expanded beyond his investment. In March 2026, the company announced him as a brand ambassador for its North American parks. Six Flags said he would support marketing efforts and create digital content throughout the year.The partnership gives Kelce a visible role in the company at a time when Six Flags is attempting to strengthen its business. Its latest stock performance shows that the market remains focused on whether those efforts can translate into improved financial results.","Six Flags Entertainment stock fell to a 52-week low of $11.97 on September 28. The drop is notable for Travis Kelce, who has a financial connection to the amusement park operator. Kelce became part of an investment group that acquired an economic interest in the company. Six Flags has also since made Kelce a brand ambassador.","https://static.toiimg.com/thumb/msid-134553056,imgsize-148517,width-400,height-225,resizemode-4/travis-kelce-mansion.jpg"
Brittany Mahomes shares what happened with Golden during Patrick Mahomes' Chiefs game,https://timesofindia.indiatimes.com/sports/nfl/news/brittany-mahomes-shares-what-happened-with-golden-during-patrick-mahomes-chiefs-game/articleshow/134552989.cms,Brittany Mahomes shares what happened with Golden during Patrick Mahomes' Chiefs game,"Brittany Mahomes shares what happened with Golden during Patrick Mahomes' Chiefs game. Brittany Mahomes: ""I was like, 'Oh my God, what happened?' She said she was shocked by what she saw. Brittany: 'I thought he was going to kill me. He was so mad'","https://static.toiimg.com/thumb/msid-134552995,imgsize-136924,width-400,height-225,resizemode-4/1000258086.jpg"
"""Softest middle finger to Gisele"": Tom Brady’s Instagram post was allegedly a brutal message to Gisele Bündchen after welcoming baby with Joaquim Valente",https://timesofindia.indiatimes.com/sports/nfl/news/softest-middle-finger-to-gisele-tom-bradys-instagram-post-was-allegedly-a-brutal-message-to-gisele-bndchen-after-welcoming-baby-with-joaquim-valente/articleshow/134540802.cms,"Tom Brady and Gisele Bündchen (Instagram and Getty Images)

Tom Brady’s post raises questions about Gisele Bündchen

Brady: An American Story and the Price of Greatness

Brady

Daily Mail

What the new Tom Brady book claims about the divorce

Join conversation View All Comments → Share your thoughts in the comments Post Comment Be respectful · TOI community guidelines

Entertainment Weekly

Brady: An American Story and the Price of Greatness

Tom Brady’s relationship with Gisele Bündchen is back in the spotlight after a new biography made a striking claim about an Instagram post he shared shortly after Bündchen welcomed her first child with Joaquim Valente. The book suggests Brady’s football-themed caption carried a deeper message linked to tensions that had surrounded the couple’s marriage. The interpretation comes from people familiar with Brady’s life, rather than from Brady himself, adding another layer to the story of one of celebrity sports’ most closely followed divorces.According to Lars Anderson’s upcoming biography, Brady posted a photograph of himself throwing a football roughly a month after Bündchen gave birth in February 2025.The image might have appeared harmless on its own. However, the book argues that its timing and caption carried significance because football had reportedly been a major source of conflict during Brady and Bündchen’s marriage.The biography describes the post in detail:“Just over a month after the birth, Brady shared a photo of himself on Instagram — his preferred form of mass (and often cryptic) communication,” an excerpt frompublished in thereads. “In the color photograph, Brady’s right arm is extended and a ball has spiraled out of his hand, silhouetted by the sunset’s golden glow.Underneath, Brady wrote: ‘True Love.’”The book then attributes an interpretation of the post to someone in Brady’s circle.“To those who knew him well, there was no ambiguity,” the book said of the Instagram post. “As one friend described it, that was ‘the softest middle finger.’”That description is an allegation contained in the biography, not a statement from Brady confirming that interpretation.Brady and Bündchen ended their 13-year marriage in October 2022. They share two children, Benjamin and Vivian, while Brady also has a son, Jack, from his previous relationship with Bridget Moynahan.The new biography revisits the tensions that reportedly existed before their split, particularly disagreements over Brady’s decision to continue playing football.The book also presents another account of the breakup, claiming Bündchen’s interest in astrology influenced her decision. A source described as close to Brady told Anderson that she eventually concluded the pair were incompatible.Representatives for Brady and Bündchen were contacted for comment, according to. Neither the Instagram caption nor the book’s interpretation establishes Brady’s intent as fact.is scheduled for release on September 29, bringing renewed attention to the personal story behind Brady’s life after football and his highly publicised marriage to Bündchen.","Brady and Bündchen ended their 13-year marriage in October 2022. They share two children, Benjamin and Vivian, while Brady also has a son, Jack, from his previous relationship with Bridget Moynahan. The new biography revisits the tensions that reportedly existed before their split, particularly disagreements over Brady’s decision to continue playing football.","https://static.toiimg.com/thumb/msid-134541010,imgsize-120474,width-400,height-225,resizemode-4/gisele-bundchen-and-tom-brady.jpg"
