Article Title,Article Link,Article Text,Article Summary,Article Image
"In 1997, Martha Stewart bought Edsel Ford's 63-acre Maine estate for reportedly under $6 million; she restored its historic landscape while preserving the 12-bedroom stone house and Ford family china",https://timesofindia.indiatimes.com/real-estate/news/in-1997-martha-stewart-bought-edsel-fords-63-acre-maine-estate-for-reportedly-under-6-million-she-restored-its-historic-landscape-while-preserving-the-12-bedroom-stone-house-and-ford-family-china/articleshow/134635740.cms,"In 1997, Martha Stewart bought Edsel Ford's 63-acre Maine estate for reportedly under $6 million (Image Credit: Architectural Digest)

A retreat created for Edsel Ford

She restored its historic landscape while preserving the 12-bedroom stone house and Ford family china (Image Credit: Architectural Digest)

Stewart preserved the house rather than remaking it

Interiors reflect both Ford history and Stewart’s style

Stewart has added her own design touches, but they have generally been incorporated alongside the property's existing character (Image Credit: Architectural Digest)

A landscape shaped by history

Perched above Seal Harbor on Maine’s Mount Desert Island, Skylands carries nearly a century of history tied to the Ford family and is now closely associated with Martha Stewart. Stewart bought the 63-acre estate in 1997, reportedly for just under $6 million, and has since treated the property as a piece of American architectural and landscape history rather than simply a summer home. In her own Martha Stewart Blog, she described the estate’s history and the work involved in bringing its Jens Jensen-designed landscape back towards its original character.Skylands was developed for Edsel Ford, the son of Henry Ford, and his wife, Eleanor. The house was completed in 1925 and designed by architect Duncan Candler, while renowned landscape designer Jens Jensen created the surrounding landscape. Architectural Digest describes the three-story stone residence as sitting high above Seal Harbor, with a setting shaped by granite outcrops, trees, ferns and terraces rather than a conventional manicured lawn.The estate's design was closely connected to its natural surroundings. Jensen incorporated elements including mossy woods, ferns, evergreens and maples into the landscape, creating a setting that blended the house with the terrain around it.In a 2013 post on her blog, Stewart wrote that the Ford estate had been sold to another family and said the property had not been maintained in the same way as it had been during the Fords’ ownership. When she purchased Skylands in 1997, she brought in landscape architect Patrick Chassé to help with the restoration of Jensen’s work. Stewart wrote that Chassé helped with the design of a council ring while also addressing the “challenges and compromises” involved in bringing the historic landscape back to its natural character.The character of Skylands has remained closely tied to its original architecture. Architectural Digest reported that the house has 12 bedrooms, several outbuildings and a 60-foot-long beamed living hall. Rather than extensively modernising the property, Stewart embraced many of its existing details and furnishings. The property was sold to Stewart with much of its contents still inside. According to Architectural Digest, the purchase included cabinets and shelves containing the Fords’ silver, glassware, china and linens. Stewart herself told the magazine, “I didn’t have to buy a plate,” adding that she had nevertheless added her own pieces over the years. That approach helped retain a direct connection to the home's previous owners. Architectural Digest noted that Stewart has described herself as a caretaker of the property.Inside, Skylands retains numerous details associated with its early-20th-century design. These include Pewabic-tiled bathrooms, leaded-glass windows, polished copper, cut crystal and vintage Frigidaire refrigerators in the kitchen, along with furniture and decorative objects ranging from Georgian stools and wing chairs to regional maps and prewar prints of Maine birds.Stewart has added her own design touches, but they have generally been incorporated alongside the property's existing character. Architectural Digest reported that Kevin Sharkey, then executive editorial director at Martha Stewart Living, assisted her with the decorating. Some original objects have been stored, while others remain part of the home's interiors.The house also became a source of inspiration for Stewart's wider creative work. Architectural Digest reported that she spends part of July and August at Skylands, along with long weekends during other parts of the year, and that the property has served as a setting and inspiration for her design work and media projects.The restoration of Skylands has extended beyond the house itself. Stewart's 2013 blog post focused particularly on the work of Patrick Chassé and the challenge of recovering aspects of Jensen's original landscape design. She wrote that Jensen's work had used the existing vegetation and terrain to create a landscape that felt naturally integrated with the property. The estate's history also remains visible in its setting. Architectural Digest described pink-granite gravel drives winding through the forest, terraces surrounded by natural vegetation and a house constructed from local stone that appears to emerge from the surrounding granite landscape.The property had changed hands before Stewart acquired it. Architectural Digest reported that the Fords and their four children spent summers there until another family acquired the estate in 1980, following Eleanor Ford's death. That family subsequently sold Skylands to Stewart in 1997.Today, Skylands remains a private retreat for Stewart, but its significance extends beyond its role as a celebrity home. Its architecture, original furnishings and Jensen-designed landscape preserve links to the Ford family's era on Mount Desert Island. Stewart's approach has centred on maintaining those layers of history while continuing to use the estate as a living home rather than treating it solely as a preserved relic.","Skylands was developed for Edsel Ford, the son of Henry Ford, and his wife, Eleanor. The house was completed in 1925 and designed by architect Duncan Candler, while renowned landscape designer Jens Jensen created the surrounding landscape. Stewart bought the 63-acre estate in 1997, reportedly for just under $6 million, and has since treated the property as a piece of American architectural and landscape history.","https://static.toiimg.com/thumb/msid-134635824,imgsize-268950,width-400,height-225,resizemode-4/in-1997-martha-stewart-bought-edsel-fords-63-acre-maine-estate-for-reportedly-under-6-million-.jpg"
A Hanford landfill has taken 20 million tons of radioactive and hazardous waste since 1996; its latest expansion will add 2.8 million cubic yards,https://timesofindia.indiatimes.com/world/us/a-hanford-landfill-has-taken-20-million-tons-of-radioactive-and-hazardous-waste-since-1996-its-latest-expansion-will-add-2-8-million-cubic-yards/articleshow/134633850.cms,"How ERDF handles waste from Hanford’s cleanup work

PC: DOE

20 million tons have gone through the facility

Hanford’s Super Cell 11 adds 2.8 million cubic yards of space

How ERDF is designed to contain water from the landfill

The landfill helping crews tackle Hanford’s legacy waste

At the centre of Washington state’s sprawling Hanford Site, an enormous engineered landfill is being made larger as one of the United States’ biggest environmental cleanup programmes continues. According to the US Department of Energy (DOE), the Environmental Restoration Disposal Facility (ERDF) has been receiving waste since 1996. Over that time, 20 million tons of material from cleanup operations have been placed there, including low-level radioactive and hazardous waste. Now, workers have finished excavating another section of the landfill. The new disposal cell is 80 feet deep and covers an area roughly 500 feet wide and 1,000 feet long. Once its protective liner is installed, it will provide another 2.8 million cubic yards of capacity.ERDF sits on the Central Plateau, close to the middle of the 580-square-mile Hanford Site. It was opened in 1996 to give crews carrying out environmental restoration somewhere to take certain solid wastes removed during the cleanup.Its contents are not limited to one type of material. The facility receives low-level radioactive waste, hazardous waste and mixed solid waste produced by Hanford cleanup projects.Contaminated soil, debris from demolished structures and material removed from old waste sites are among the types of waste that can be handled there.The distinction matters because Hanford has several different waste-management systems. Waste from the site's underground tanks, for example, follows separate storage, treatment and disposal routes. ERDF has a more specific job: dealing with qualifying solid material generated as contaminated areas and ageing facilities are cleaned up.Approximately 20 million tons of cleanup waste have been disposed of at ERDF, according to information from the US Department of Energy.As reported by Hanford Communities, that material has come from work involving more than 800 demolished facilities and about 1,300 waste sites. Moving it has also required a huge amount of transportation. Trucks supporting ERDF operations have travelled more than 30 million miles, a distance DOE describes as roughly equivalent to making 1,200 trips around the Earth.The landfill has not remained the same size throughout that period. Its capacity has been increased several times as cleanup work generated more material requiring disposal. Earlier expansions were completed in 1999, 2003, 2007 and 2011.Reportedly, the newest addition is being referred to as Super Cell 11. The description reflects its scale: the cell is about twice the size of the original disposal cells at the facility. Excavation began during the summer, eventually producing a cavity about 80 feet deep. Across the surface, it stretches approximately 500 feet from side to side and 1,000 feet in length. The completed cell is expected to provide around 2.8 million cubic yards of additional disposal space.That is capacity intended for future cleanup rather than a one-off project. DOE has said the expansion is expected to support the Hanford mission through at least 2040, giving contractors somewhere to manage qualifying solid waste as work continues across the site.Finishing the excavation does not mean the disposal cell is ready to receive waste. Contractors with the Central Plateau Cleanup Company (CPCCo) are due to complete the project by installing an engineered liner.Kelly Ebert, director for the Projects and Facilities Division with the US The Department of Energy Office of Environmental Management’s Hanford Field Office said, “ERDF has been a cornerstone of our waste disposal strategy for nearly 30 years, and this expansion is essential to provide uninterrupted, efficient and safe disposal for years to come.”The liner forms part of the system intended to keep potentially contaminated water from reaching the underlying environment. Rainfall, snowmelt and water used to control dust can enter the disposal area, so the engineered system is designed to collect that water and direct it towards holding tanks for treatment.Hanford's cleanup involves removing material from a site that was heavily used for nuclear weapons production during the 20th century. Much of the current work involves dealing with the physical remains of that history, including contaminated ground, old buildings and waste sites.ERDF gives those projects a central disposal point for waste that meets the facility's acceptance requirements. Instead of leaving contaminated soil or demolition material at the individual locations where it was found, cleanup teams can transport it to the engineered landfill.The scale of the facility reflects the scale of the wider operation. Its 107-acre footprint has already accommodated millions of tons of waste, while further cleanup work is expected to continue for years.","Hanford’s Super Cell 11 adds 2.8 million cubic yards of space to the landfill. The new disposal cell is 80 feet deep and covers an area roughly 500 feet wide and 1,000 feet long. The Environmental Restoration Disposal Facility (ERDF) has been receiving waste since 1996. 20 million tons of material from cleanup operations have been placed there.","https://static.toiimg.com/thumb/msid-134634324,imgsize-1619525,width-400,height-225,resizemode-4/a-hanford-landfill-has-taken-20-million-tons-of-radioactive-and-hazardous-waste-since-1996-its-latest-expansion-will-add-28-million-cubic-yards.jpg"
"Dallas gave developers 10 more months to buy its 72-story Bank of America Plaza and keep $103 million in incentives tied to a $409 million plan adding a hotel, garage, restaurant and observation deck",https://timesofindia.indiatimes.com/real-estate/news/dallas-gave-developers-10-more-months-to-buy-its-72-story-bank-of-america-plaza-and-keep-103-million-in-incentives-tied-to-a-409-million-plan-adding-a-hotel-garage-restaurant-and-observation-deck/articleshow/134634427.cms,"The immediate priority is now completing the city's development agreement and closing the tower purchase before July 30, 2027.

A new deadline for a complex deal

A $409 million transformation

$103 million in public incentives

Downtown Dallas is changing

The road ahead

Downtown Dallas is betting that one of its most recognizable towers can have a second act. The developers behind a sweeping $409 million redevelopment of Bank of America Plaza have been given another 10 months to complete the purchase of the 72-story skyscraper, keeping more than $100 million in public incentives attached to the ambitious transformation, states a report by CRE Daily.According to CRE Daily report, the Dallas City Council has extended the purchase deadline to July 30, 2027, giving developers Mike Hoque and Mike Ablon additional time to finalize their acquisition of the tower and complete a development agreement with the city. The pair, operating as 901 Main PAHG Partners LLC, announced plans in 2024 to acquire the property from Metropolis Investment Holdings, a Chicago-based investment firm managing the asset for a German family investment group, adds the report.If we go by the report, the original closing deadline was September 30. The additional time reflects the complexity of a transaction that involves not only purchasing the building but also negotiating the public-private development agreement and the extensive redevelopment planned for the property.The acquisition itself is expected to cost more than $165 million. Once completed, the project would substantially change how the landmark tower is used, explains the online report.Office space would shrink from roughly 1.8 million square feet to 1.5 million square feet, with the remaining space undergoing a full renovation. The redevelopment would also introduce 275 hotel rooms, with the project targeting a four-star-or-better standard.A new glass-and-steel structure would house the hotel's lobby and ballroom, while a 1,115-space parking garage would replace a surface parking lot across the street. A skybridge over Main Street would connect the garage to the tower, confirms the report.At street level, the plans call for additional retail space. Higher up, the 69th floor would become home to a restaurant and observation deck, adding a destination component to one of Dallas' most visible buildings.The redevelopment is backed by significant public investment. Dallas City Council approved a $103 million payment from the Downtown Connection Tax Increment Financing district last October. The development team has already spent about $4 million on design work and says it has secured a capital partner and financing for the project, although financial details have not been disclosed. Earlier city documents projected completion as early as September 2032, confirms the report.The redevelopment comes as the city's traditional downtown office market undergoes a broader shift. Bank of America, the tower's longtime anchor tenant, is expected to move to a new Bank of America Tower at Parkside near Klyde Warren Park within the next few years. Other major changes are also reshaping Main Street. Neiman Marcus is preparing to close its century-old store at 1618 Main Street, while AT&T is moving its headquarters to Plano, although its lease at One Whitacre Tower runs through 2031.Bank of America Plaza is not the only downtown property facing pressure. The financial challenges surrounding older office towers, including 2100 Ross, have underscored the difficulties of repositioning aging commercial real estate. For Hoque and Ablon, the project is also their largest redevelopment undertaking to date. Earlier agreements involving Hoque in Fort Worth and Mansfield were terminated over missed deadlines, according to the Dallas Business Journal.The immediate priority is now completing the city's development agreement and closing the tower purchase before July 30, 2027. If the plan stays on schedule, the transformation could coincide with the redevelopment of the nearby Kay Bailey Hutchison Convention Center, a $3.5 billion-to-$3.8 billion project expected to bring additional activity to the western side of downtown.Images Courtesy: Wikipedia and istock","Developers Mike Hoque and Mike Ablon have been given another 10 months to complete the purchase of the 72-story skyscraper. The Dallas City Council has extended the purchase deadline to July 30, 2027. The acquisition itself is expected to cost more than $165 million.","https://static.toiimg.com/thumb/msid-134634464,imgsize-898434,width-400,height-225,resizemode-4/the-immediate-priority-is-now-completing-the-citys-development-agreement-and-closing-the-tower-purchase-before-july-30-2027.jpg"
"After more than 50 years of pulp-mill pollution, regulators have proposed restoring North Carolina's Roanoke River, including contaminated floodplain habitat damaged by toxic discharges",https://timesofindia.indiatimes.com/science/nature/after-more-than-50-years-of-pulp-mill-pollution-regulators-have-proposed-restoring-north-carolinas-roanoke-river-including-contaminated-floodplain-habitat-damaged-by-toxic-discharges/articleshow/134634301.cms,"The Plymouth Mill began operating in 1937 as a wood and paper products manufacturing facility. Over subsequent decades, industrial operations at the site resulted in hazardous substances being released into groundwater, soil, Welch Creek and the Roanoke River (Image Credit: Domtar)

Decades of pollution affected the lower Roanoke River

Proposed plan would protect wetlands and reconnect floodplains

Previous actions have already reduced some impacts

Public can comment on the proposed restoration

For more than half a century, pollution from a pulp and paper mill has left its mark on North Carolina’s lower Roanoke River, affecting fish, wetlands and other natural resources. Now, a proposed restoration plan aims to address some of that long-term damage by protecting floodplain habitat, reconnecting historic waterways and improving conditions for fish and wildlife. According to the National Oceanic and Atmospheric Administration (NOAA), federal and state natural resource trustees have proposed restoration projects to compensate for injuries linked to hazardous-substance releases from the former Plymouth Mill. The proposal includes wetland conservation and habitat restoration across the lower Roanoke River system.The Plymouth Mill began operating in 1937 as a wood and paper products manufacturing facility. Over subsequent decades, industrial operations at the site resulted in hazardous substances being released into groundwater, soil, Welch Creek and the Roanoke River. Contaminants identified in the area include dioxins, furans, mercury and volatile organic compounds.The pollution affected aquatic ecosystems as contaminants accumulated in fish and other species. A fish consumption advisory associated with the contamination has remained in place for decades. The mill also withdrew water from the Roanoke River for its manufacturing operations, drawing larval fish into the facility and contributing to impacts on fish populations and recreational fishing. The mill's ownership has since changed. The facility is now owned by Domtar Paper Company, which assumed responsibility for addressing the site's environmental liabilities after acquiring the property from Weyerhaeuser. The proposed agreement involves Domtar funding or carrying out restoration measures to compensate for natural-resource injuries associated with the former mill's pollution.One of the central elements of the proposed restoration plan is the protection of approximately 760 acres of forested wetlands at Warren Neck through a conservation deed restriction. According to NOAA and North Carolina DEQ, the area provides fish nursery habitat that is important to the health of the Roanoke River.The proposal also includes about $1.75 million for floodplain reconnection, wetland protection and fish-passage improvements. The project could repair up to five lost natural connections by restoring habitat and installing water crossings and fish-friendly culverts. It is expected to reconnect about three miles of historic stream channels to their natural flow and flood regime while improving more than 600 acres of habitat. Together, these measures are intended to address natural-resource losses associated with the mill while protecting areas that support fish and other wildlife in the lower river system.The proposed restoration follows earlier efforts to address damage associated with the Plymouth Mill. Under the natural-resource damage assessment process, trustees previously selected measures aimed at reducing fish mortality caused by the mill's cooling-water intake. Domtar voluntarily implemented modifications that reduced the volume of water withdrawn from the Roanoke River. The company has also received proposed settlement credit for previous improvements to the Plymouth boat ramp and waterfront park, lighting improvements and the installation of high-capacity cooling-water towers that eliminated river withdrawals for cooling purposes.The pollution cleanup itself has also continued. According to Inside Climate News, Domtar has spent at least $5.5 million on remediation since 2011, including measures to contain contaminated sediment in Welch Creek.The restoration plan is part of a proposed consent decree submitted in federal court by the North Carolina Department of Environmental Quality, NOAA and the U.S. Fish and Wildlife Service. The agreement is being pursued under the Comprehensive Environmental Response, Compensation and Liability Act, through the natural-resource damage assessment and restoration process. The proposed work would focus not only on individual contaminated areas but also on protecting and reconnecting the wider floodplain and aquatic habitat. The Roanoke River supports diverse fish populations and extensive bottomland forests, making the lower river an important ecological area.The restoration plan is currently subject to public review. NOAA's restoration programme has invited comments on the proposed projects, while the proposed consent decree is also undergoing the federal public-comment process. The agencies will consider comments before the proposed settlement and restoration measures move forward.","Proposed plan would protect wetlands and reconnect floodplains. Contaminants identified in the area include dioxins, furans, mercury and volatile organic compounds. Previous actions have already reduced some impacts of the pollution. Public can comment on the proposed restoration plan.","https://static.toiimg.com/thumb/msid-134634378,imgsize-1265220,width-400,height-225,resizemode-4/the-plymouth-mill-began-operating-in-1937-as-a-wood-and-paper-products-manufacturing-facility-over-subsequent-decades-industrial-operations-at-the-site-resulted-in-hazardous-substances-being-released-into-groundwater-soil-welch-creek-and-the-roanoke-river.jpg"
"526 kg drugs worth Rs 3,000 crore seized from Iranian boat with Pakistani crew",https://timesofindia.indiatimes.com/india/526-kg-drugs-worth-rs-3000-crore-seized-from-iranian-boat-with-pakistani-crew/articleshow/134580685.cms,"Coast guard intercepts Iranian dhow, seizes 526 kg narcotics worth over Rs 3,000cr

Join conversation View All Comments → Share your thoughts in the comments Insightful Agree Disagree Skeptical Concerning Promising Worth Reading Big Development Post Comment Be respectful · TOI community guidelines

Poll Vote & Share your view What should be the key priority in tackling maritime drug smuggling? Strengthening sea surveillance Improving intelligence sharing Increasing joint enforcement operations Strengthening international cooperation 3k+ users shared opinion today 5k+ users already voted today 3k+ users shared opinion today Share Opinion

NEW DELHI: The Indian Coast Guard , in coordination with the Gujarat Anti-Terrorism Squad (ATS), seized approximately 526 kg of narcotics from an Iranian dhow in the Arabian Sea west of Lakshadweep, officials said.The Coast Guard said five Pakistani nationals operating the vessel were also detained during the operation carried out near Lakshadweep on September 25, as reported by news agency PTI.The drugs, valued at over Rs 3,000 crore in the international market, were seized after the vessel was intercepted during the operation.The Coast Guard conducted coordinated sea-air surveillance to track the suspicious vessel before launching a hot pursuit and boarding the dhow.The operation was carried out in coordination with the Gujarat Anti-Terrorism Squad (ATS) to intercept the vessel. The seized contraband comprised heroin and methamphetamine, while five Pakistani nationals operating the dhow were also apprehended.The dhow, its crew and the seized drugs were escorted to Mumbai under armed security for joint interrogation and further legal proceedings.The operation was part of coordinated efforts by the Coast Guard and Gujarat ATS to detect and disrupt suspected transnational maritime drug-smuggling networks.The seizure comes as Indian maritime and law enforcement agencies continue efforts to prevent narcotics from being smuggled through sea routes. The Coast Guard has previously conducted joint operations with Gujarat ATS and other agencies to intercept vessels suspected of carrying illegal drugs.In April 2025, the Coast Guard, along with Gujarat ATS, seized 307.5 kg of narcotics off the Gujarat coast, according to the Coast Guard's official record of interdiction cases.Several drug-interdiction operations have been conducted along maritime routes in the Arabian Sea, with agencies relying on intelligence inputs, vessel surveillance and coordination between maritime and land-based enforcement units to identify suspected consignments.The Coast Guard said the latest operation underlined its efforts to strengthen maritime surveillance and prevent illicit activities in India's maritime zones. The seized drugs and apprehended crew were brought to Mumbai for further investigation and legal action.","Indian Coast Guard intercepts Iranian dhow, seizes 526 kg narcotics worth over Rs 3,000cr. The seized contraband comprised heroin and methamphetamine. Five Pakistani nationals operating the dhow were also apprehended. The seizure comes as Indian maritime and law enforcement agencies continue efforts to prevent narcotics from being smuggled.","https://static.toiimg.com/thumb/msid-134581108,imgsize-132802,width-400,height-225,resizemode-4/file-photo.jpg"
"Russia backs India's claim to UNSC seat, firmly shuts door on Germany & Japan",https://timesofindia.indiatimes.com/world/us/russia-backs-indias-claim-to-unsc-seat-firmly-shuts-door-on-germany-japan/articleshow/134508102.cms,"Russian foreign minister Sergei Lavrov addresses the 81st United Nations General Assembly (Photo: Reuters).

Russia on Saturday backed a permanent seat for India and Brazil on the United Nations Security Council, while strongly opposing the same for Western countries.During his speech at the General Assembly, Russian foreign minister Sergei Lavrov said no additional seats at the UNSC should be given to Western countries, especially to Germany and the US ally, Japan.Russia has been one of the most consistent supporters of India’s bid for a permanent seat on the UN Security Council . Moscow has repeatedly backed India’s candidature as part of a broader push to make the Council more representative of Asia, Africa and Latin America.Lavrov has previously argued that the current composition no longer reflects today’s global balance and explicitly endorsed India, alongside Brazil, for permanent membership.This support was reiterated in the 2026 BRICS New Delhi Declaration, with China and Russia backing India and Brazil for a greater role in the UN, including the Security Council.Lavrov accused the West of continuously pumping weapons into Ukraine while helping target drones and missiles at Russia's civilians and civilian infrastructure.He also mentioned that Europe raised an anti-Moscow regime in Kyivv, in order to control the Russian influence.""To pursue a utopian goal of containing Russia, the West dismantled the European security system and cultivated a Russophobic regime in Kyiv,"" he said, while warning the Western nations of ""consequences"".He further accused Europe of doing everything to block a peaceful settlement with Ukraine and disrupt negotiation prospects favoured by many, including the Trump administration.Lavrov claimed several EU leaders of being infected with racial superiority, encouraging the rise of what he called Ukrainian Nazism.The Russian foreign minister said the UN’s core principles were being put at risk, with the West overlooking the spread of Nazism in Ukraine.","Russia has been one of the most consistent supporters of India's bid for a permanent seat on the UN Security Council. Moscow has repeatedly backed India’s candidature as part of a broader push to make the Council more representative of Asia, Africa and Latin America.","https://static.toiimg.com/thumb/msid-134508165,imgsize-106900,width-400,height-225,resizemode-4/81st-united-nations-general-assembly-at-un-headquarters-in-new-york-city.jpg"
Student protests rock France with over 400 detained: Why are schools protesting - explained,https://timesofindia.indiatimes.com/world/europe/student-protests-rock-france-with-over-400-detained-why-are-schools-protesting-explained/articleshow/134581586.cms,"File photo: A student walks past a burning bicycle next to the Baggio High School, blocked in protest of the government's release of next year's draft budget, in Lille, France

Students take protests beyond Paris

Civil servants join nationwide strike

Why the budget is at the centre of the anger

Poll Vote & Share your view Which area should receive greater priority in France’s upcoming budget? Education Healthcare Public Safety Infrastructure 3k+ users shared opinion today 5k+ users already voted today 3k+ users shared opinion today Share Opinion

France was hit by a nationwide wave of strikes and student protests, with civil servants walking off the job and high school students blocking hundreds of schools as anger over budget cuts, overcrowded classrooms and teacher shortages spread across the country.The mobilisation came two days before Prime Minister Sébastien Lecornu's government is due to present its draft 2027 budget, which includes a planned €54 billion savings drive. The protests have added to pressure on the government as it tries to rein in France's finances ahead of next year's presidential election.The unrest was particularly visible at schools, where students piled up bins and barriers to prevent access. The education ministry said around 400 schools were affected by protests or disruptions on Tuesday, out of roughly 3,700 nationwide. More than 440 people, most of them minors, were detained, according to interior minister Laurent Nuñez.​​At least 10 teachers, several students and 48 law enforcement officers were also injured during Tuesday's unrest, according to officials.The school protests began in the Paris region last week but have since spread to cities including Lille, Lyon, Nantes, Marseille, Bordeaux and Rennes.Students have been protesting over a shortage of teachers, overcrowded classrooms, poor school conditions and demanding timetables. At some schools, however, the demonstrations escalated into clashes with police.In Lille, rubbish bins were set on fire outside the Lycée César Baggio, while police used tear gas and batons after protesters threw objects. Similar confrontations were reported elsewhere, although many blockades remained peaceful.At the Lycée Arago in Paris, students blocked the entrance with bins while a placard reading ""Macron explosion"" was displayed. Outside the Hélène-Boucher school, protesters put up a banner saying ""Fewer cops, More money"".""We want fewer police because we think there is a huge amount of police repression, both against high school student movements and social movements more generally,"" final-year student Mael Breton told Reuters.Students have cited teacher shortages, overcrowded classrooms and poor school conditions as key grievances. “There are 34 of us in each class, and it’s just not feasible. The teachers are overworked,” a 16-year-old student told AFP, saying the education system was “completely broken.”The government's response has been mixed. Lecornu condemned violence around schools but acknowledged that students' concerns over the education system needed to be heard and addressed. Education minister Édouard Geffray said students had a right to protest but condemned violence as ""indefensible"".The student mobilisation coincided with a broader strike by public-sector workers, including teachers, healthcare workers and firefighters.Unions organised more than 170 rallies across France to oppose the government's budget plans and its proposed freeze on state employees' base salaries in 2027. The CGT union has argued that repeated pay freezes have eroded workers' purchasing power.Firefighters were among those taking part after a summer of major wildfires exposed concerns over resources. The education ministry said just over 11% of teachers and other school staff were on strike, while participation among other civil servants was below 10%.Transport disruption was limited in the morning, although the aviation regulator warned of possible disruption at some airports.CGT leader Sophie Binet said the government had 48 hours to reverse the planned spending cuts before the union considers further strike action.""This summer, who was on the front line? It wasn't the billionaires, the big bosses or the shareholders. It was civil servants and working people. And how are they being thanked? By cutting their pay? The anger is enormous,"" she told BFMTV.Lecornu's government is trying to find savings as France grapples with a mounting debt burden. The proposed €54 billion savings package is aimed at bringing the public deficit down, while the government has also warned that public debt could reach 121.7% of GDP in 2027.France's public debt reached €3.595 trillion at the end of June, or around 119% of GDP, according to national statistics agency Insee.The cost of servicing that debt is also rising. France is expected to spend around €79 billion on interest payments this year, with the government projecting the figure could rise to €91 billion in 2027.The government is therefore trying to cut spending while unions resist pay restraint and students demand more teachers and resources for schools.","Around 400 schools were affected by protests or disruptions on Tuesday. More than 440 people, most of them minors, were detained, interior minister says. At least 10 teachers, several students and 48 law enforcement officers were also injured. Unions organised more than 170 rallies across France.","https://static.toiimg.com/thumb/msid-134581794,imgsize-148466,width-400,height-225,resizemode-4/france-protests.jpg"
‘Wake up’: Iran releases 25-page letter urging US voters to reject Trump ahead of midterms,https://timesofindia.indiatimes.com/world/middle-east/wake-up-iran-releases-25-page-letter-urging-us-voters-to-reject-trump-ahead-of-midterms/articleshow/134579138.cms,"The letter was released about five weeks before the US midterm elections

‘Wake up’: Iran takes message to US voters

‘Death to America’ explained as attack on rulers

Poll Vote & Share your view Do you believe that Iran's appeal to American voters will influence the outcome of the midterm elections? Yes, it will have a significant impact No, it will not influence the elections Possibly, but only to a limited extent 3k+ users shared opinion today 5k+ users already voted today 3k+ users shared opinion today Share Opinion

Iran’s Islamic Revolutionary Guard Corps (IRGC) has made a direct appeal to American voters, urging them to reject President Donald Trump ’s policies and “wrest control back from corrupt politicians” as the US heads towards its midterm elections. In a lengthy open letter addressed to the American public, the powerful Iranian military force argued that Washington’s war against Iran had failed to achieve its objectives and called for a change in US policy towards Tehran.The 25-page letter, released seven months after the US-Israel war against Iran began, seeks to draw a distinction between the American people and their government. The IRGC argues that ordinary Iranians and Americans share common interests and grievances, portraying both as victims of political leaders pursuing costly wars. It also urges Americans to oppose US support for Israel and foreign military interventions, while presenting peaceful coexistence between Washington and Tehran as possible if US policy changes.IRGC spokesman Gen Hossein Mohebbi reinforced the message at a news conference in Tehran on Tuesday, saying the only way for the conflict to end was for Washington to acknowledge defeat and withdraw. He urged Americans to reconsider their leadership and put pressure on the Trump administration, arguing that many US citizens remained unaware of what he described as the “harms” caused by its policies.The timing of the letter is significant. The letter was released about five weeks before the US midterm elections, with the IRGC describing the current period as a moment when the American political system is at its weakest. Mohebbi said he did not necessarily expect the letter to change the US administration’s behaviour, but hoped American voters would hear its message.The letter repeatedly attacks Trump’s justification for the war, particularly his claim that Iran’s nuclear programme posed a threat that required military action. Tehran has consistently denied seeking nuclear weapons and maintains that its uranium enrichment programme has civilian purposes.“The enemy [US] knows that Iran is not after nuclear weapons,” Mohebbi said, echoing the letter’s argument that Washington has used the nuclear issue as a pretext to pursue wider strategic and economic goals.The IRGC also claims that the US and Israel failed to achieve their stated objectives in the war. According to the letter, the targets shifted repeatedly after earlier goals, including regime change and partition of Iran, were not achieved. It lists objectives ranging from forcing Iran’s unconditional surrender and destroying its nuclear and missile programmes to taking control of the Strait of Hormuz.The letter declares Iran the victor, claiming that thousands of US and Israeli strikes damaged Iranian infrastructure but failed to accomplish their stated aims. It further claims that Iranian forces inflicted major losses on US military assets and severely damaged American bases across the region. These assertions are presented by the IRGC as evidence of a broader strategic defeat for Washington.The Strait of Hormuz features prominently in the letter and Mohebbi’s remarks. He rejected US claims that Iran had lost its leverage over the vital waterway, arguing that the movement of a limited number of vessels did not mean the strait was fully open. Oil exports through the waterway, however, have recovered substantially from the levels seen earlier in the conflict, according to figures cited in the supplied material.The IRGC letter also attempts to explain one of the most recognisable slogans associated with Iran’s political system: “Death to America”. It argues that the phrase is directed at the US political establishment rather than the American population.“‘Death to America’ is a prayer for the eradication of the diabolical ruling elite whose seat of power is the White House,” the letter says.The document repeatedly contrasts the American public with Washington’s political leadership, claiming that taxpayers ultimately bear the financial burden of US wars. It asks Americans to question why their government continues to pursue military confrontation and warns of what it describes as the consequences of an ongoing conflict.The IRGC’s approach echoes Cold War-era efforts to reach an adversary’s population directly. During the Vietnam War, Vietnamese broadcaster Trinh Thi Ngo, widely known as “Hanoi Hannah”, used English-language broadcasts to target American troops, urging them to question their government and the war. Her programmes highlighted US casualties, anti-war protests and reports critical of the conflict while presenting the Vietnamese side’s narrative.Iran has similarly sought to communicate directly with Western audiences since the latest war began, using Iran-linked media and online networks, including English-language AI-generated videos, memes and short-form content.The IRGC letter now represents a much more formal version of that strategy: an attempt to speak past Washington and directly to American voters.For Tehran, the central message is that the war is not simply a military confrontation between two states, but a political choice that Americans themselves can challenge. Mohebbi urged them to put pressure on their government, while the letter concluded with a broader argument that Iran’s resistance had demonstrated the limits of American military power.Meanwhile, Iran’s economic pressures remain severe. The rial fell to a new record low on Tuesday, with traders in Tehran reportedly exchanging more than 2.5 million rials for one US dollar. The currency has repeatedly hit new lows since the war began.","Iran’s Islamic Revolutionary Guard Corps (IRGC) has made a direct appeal to American voters, urging them to reject President Donald Trump ’s policies. The 25-page letter, released seven months after the US-Israel war against Iran began, seeks to draw a distinction between the American people and their government. The IRGC argues that ordinary Iranians and Americans share common interests and grievances.","https://static.toiimg.com/thumb/msid-134579340,imgsize-59800,width-400,height-225,resizemode-4/us-iran-war_-may-become-offensive_-irgc-deputy-signals-shift-in-irans-military-doctrine.jpg"
"In 2024, 75-year-old Iowa farmer Evie Haupt said three wind turbines on her 160 acres were bringing in about $35,000 a year while using under 3 acres and had helped reduce $350,000 in farm debt to $67",https://timesofindia.indiatimes.com/world/us/in-2024-75-year-old-iowa-farmer-evie-haupt-said-three-wind-turbines-on-her-160-acres-were-bringing-in-about-35000-a-year-while-using-under-3-acres-and-had-helped-reduce-350000-in-farm-debt-to-67000/articleshow/134492075.cms,"A financial lifeline for rural landowners

The explosive expansion of Iowa wind power

Addressing local pushback and debate

On a 160-acre farm in central Iowa, three tall wind turbines quietly rise above the fields. Each turbine uses less than an acre of land, but together they provide an annual income that has changed the financial future of 75-year-old farmer Evie Haupt. According to a CBS News report by Janet Shamlian and Alicia Hastey, Haupt earns about $35,000 each year by leasing part of her land for the wind turbines. The income rises with inflation and has helped her pay down a $350,000 farm debt left after her husband died a decade ago. Her remaining debt is now $67,000. For many family farms across the United States, extra sources of income have become important lifelines. The U.S. Department of Agriculture expects farm profits to fall by 25 per cent, as farmers face higher costs, changing crop prices and unpredictable weather. Adding wind power to traditional farming can provide steady income and help protect farmers from financial shocks.Farm debt can leave families with difficult choices, including selling land that has been in the family for generations. Haupt faced this situation after her husband died and left her with hundreds of thousands of dollars in farm debt.Payments from the wind turbines provided her with a regular source of income that she could use to repay the loans. Each turbine takes up less than an acre, allowing Haupt to continue farming most of her 160 acres. This means the same land provides her with two sources of income while only a small portion is used for the turbines. The payments can also increase over time because the contracts include inflation adjustments, helping landowners manage rising prices and other costs. For Haupt, the arrangement has made a significant difference. She has now paid off more than 80% of her farm debt while continuing to use the land for farming.Iowa has become a major wind energy state over the past two decades. According to the U.S. Energy Information Administration, Iowa had only a few hundred wind turbines 20 years ago. Today, it has more than 6,000, producing about 60 per cent of the state's energy. Across the United States, more than 70,000 land-based wind turbines are operating, according to the U.S. Department of Energy. Nationwide, wind power supplies about 10 per cent of the electric grid. Federal energy officials also say current U.S. wind power cuts carbon emissions by an amount equal to taking 73 million passenger vehicles off the road. Attorney Kathy Law, who grew up on a farm and married a farmer, has helped place nearly half of Iowa's wind turbines. Her work in energy law grew from her own family's experience with farming. Law wanted to study law while she was in high school, but the severe farm crisis of the 1980s kept her home to help with the family farm. She later went to law school in her forties. She graduated on the same day her son finished high school and later served as president of the Iowa Wind Energy Association for three years. ""From my farm background, I think I can talk their talk and have conversations with landowners that are interested in having wind turbines on their property,"" Law told CBS News.The rapid growth of wind power in rural communities has also brought opposition in some counties. Local critics say wind turbines can change scenic views, create unwanted noise and threaten birds and bats. Law believes landowners should be able to decide what happens on their property. ""Nobody's requiring them to put that on their farms or on their land,"" Law said during her interview with CBS News. ""We want to be able to put turbines on our land and receive those benefits. "" Haupt has a similar view of the changes to her farm. While she remains attached to traditional farming, she sees clean energy as an important step for rural communities. ""I look at it as progress,"" Haupt told CBS News. ""I think we can't stand in the way of progress."" For Haupt, giving up a very small part of her land to produce electricity makes sense for her finances and for the wider community. ""I need to give up one or two acres of my land so that I can generate a commodity that we all use every day, and we all want to use more of it every day,"" Haupt said. ""So I'm happy to be able to be a part of that generation.""","Iowa has become a major wind energy state over the past two decades. More than 70,000 land-based wind turbines are operating in the U.S. Nationwide, wind power supplies about 10 per cent of the electric grid. Critics say wind turbines change scenic views, create unwanted noise and threaten birds and bats.","https://static.toiimg.com/thumb/msid-134492172,imgsize-798748,width-400,height-225,resizemode-4/-.jpg"
"In 1992, California finished removing feral goats from San Clemente Island; a rare native plant later rebounded to more than 3,500 individuals",https://timesofindia.indiatimes.com/world/us/in-1992-california-finished-removing-feral-goats-from-san-clemente-island-a-plant-they-had-pushed-toward-extinction-later-rebounded-to-more-than-3500/articleshow/134614787.cms,"Representative image of goats grazing along a rugged coastal landscape. Image Credits: ChatGPT.

How grazing reshaped the island

The paintbrush begins to return

The San Clemente Island paintbrush was once fairly common, but intensive grazing sharply reduced its numbers. Image Credits: Wikimedia Commons.

Recovery did not mean the work was over

On San Clemente Island, off the coast of Southern California, an unlikely conservation story unfolded after one of the island's most damaging pressures was finally removed. Feral goats had grazed across the island for generations, stripping vegetation, trampling the ground, and causing erosion. Among the plants affected was the San Clemente Island paintbrush (Castilleja grisea), a small perennial found nowhere else.According to Annals of Botany , by the time the goats and other non-native grazing animals had been removed in the early 1990s, the San Clemente Island paintbrush had become extremely rare. Once grazing pressure ended, the plant began reappearing in areas where it had been difficult to find. Surveys in the late 1990s recorded more than 3,500 individuals, consistent with a substantial recovery after goat removal.San Clemente Island had been extensively used by livestock for many years. Sheep, cattle, pigs, and goats had been brought to the island, and the grazing practices over decades damaged the native vegetation. In addition to eating vegetation, the livestock trampled plants and carved trails that contributed to soil erosion. The goats were difficult to remove because they could survive in the island’s rugged terrain and hide in inaccessible areas.According to the Santa Barbara Botanic Garden , the US Navy began an organised feral-goat eradication programme in 1972, working with other organisations to remove goats from San Clemente Island over the following decades. As the population became smaller and more difficult to locate, the programme later used the ""Judas goat"" technique, in which radio-collared goats helped researchers find groups of goats that remained in remote areas. Between 1989 and 1991, 263 goats were killed during this later phase of the eradication effort. By 1992, the remaining non-native ungulates had been removed from the island, ending decades of grazing pressure on its native vegetation.The San Clemente Island paintbrush was once fairly common, but intensive grazing sharply reduced its numbers. In 1977, it was placed on the federal endangered species list. By the late 1970s, only a few plants were known to remain. But the situation changed once the goats disappeared from the scene. Research published in Annals of Botany also notes that the plant began to rebound after the goats were removed, with more than 3,500 individuals counted in the late 1990s. Scientists studying the plant’s genetics noted fairly high genetic diversity despite its long period of scarcity.Surveys in 1996 and 1997 recorded 77 populations and about 3,500 individual plants. Later surveys found even larger numbers. From 2003 to 2006, researchers recorded 198 populations containing an estimated 9,718 individual plants. Vegetation around San Clemente Island also recovered after the feral goats were eradicated, with native plants able to persist in areas that were previously exposed to heavy grazing pressure.The removal of the goats took away one of the greatest pressures that the paintbrush faced, but it was not the only problem. The plant’s recovery took place amid concerns about soil erosion, invasive plants, fire, land use, and military activity. The US Fish and Wildlife Service has noted that some of the plant's current distribution may reflect areas where steep terrain once protected it from goats. Seeds may also have remained in the soil, allowing the species to recolonise areas after grazing ended. This suggests the recovery had multiple contributing factors, though removing non-native herbivores addressed the primary threat identified when the plant was listed.Nevertheless, the plant’s recovery was strong enough to prompt a change in its legal status. The San Clemente Island paintbrush was delisted from the endangered species list in 2023. The US Fish and Wildlife Service says the species recovered after non-native herbivores were removed. Once grazing pressure ended, the plant had a chance to grow again. The plant recovered from a small number to thousands.","The San Clemente Island paintbrush (Castilleja grisea) was once fairly common, but intensive grazing sharply reduced its numbers. Feral goats had grazed across the island for generations, stripping vegetation, trampling the ground, and causing erosion. The US Navy began an organised feral-goat eradication programme in 1972. By 1992, the remaining non-native ungulates had been removed from the island, ending decades of grazing pressure on its native vegetation. The plant recovered from a small number to thousands.","https://static.toiimg.com/thumb/msid-134617365,imgsize-367054,width-400,height-225,resizemode-4/us_navy_110623-n-pm781-002_sailors_assigned_to_maritime_expeditionary_security_squadron_msron_1_conduct_a_live-fire_exercise_at_san_clemente_isl.jpg"
"In 2006, a floating-home resident challenged Riviera Beach’s $2.4 billion waterfront redevelopment plan; the city later abandoned it",https://timesofindia.indiatimes.com/world/us/in-2006-a-floating-home-resident-sued-after-a-florida-city-planned-to-seize-2200-homes-businesses-and-its-marina-for-a-2-4-billion-private-waterfront-project-and-the-city-abandoned-it/articleshow/134613932.cms,"Representative image of a floating-home resident aboard his houseboat as a proposed waterfront redevelopment threatens the marina community. Image Credits: ChatGPT.

A waterfront redevelopment plan meets a new law

From redevelopment opponent to courtroom defendant

In 2006, Fane Lozman took a stand against a grand waterfront development initiative in Riviera Beach, Florida, which aimed to utilise eminent domain to seize homes for the project. Image Credits: Wikimedia Commons.

The floating home reaches the Supreme Court

In 2006, a small floating home in Riviera Beach, Florida, became central to a larger fight over land, redevelopment and local government power. Fane Lozman had moved his houseboat into the city-owned marina when he discovered that Riviera Beach was planning a $2.4 billion waterfront redevelopment project. The proposal called for acquiring about 2,200 homes and businesses, along with the marina, through eminent domain and transferring the properties to a private developer.According to the University of Miami Law Review , Lozman became an outspoken opponent of the redevelopment plan and challenged the city's actions surrounding the proposed project. Lozman objected publicly to the plan and challenged how the city approved its agreement with the developer. Within months, the redevelopment scheme was abandoned. It developed into a series of court battles that eventually took Lozman and his unusual home to the US Supreme Court.For several years, Riviera Beach had been pursuing a major redevelopment of its waterfront. The proposed project, estimated at $2.4 billion at the time, was intended to transform the marina area through private development.Plans included commercial and residential properties, as well as facilities for visitors and yachts. The redevelopment was also affected by changes to Florida's eminent-domain laws. State lawmakers passed House Bill 1567 on May 4, 2006, restricting the use of eminent domain for economic-development purposes, and Gov. Jeb Bush signed the legislation into law on May 11. In the middle of this process, on May 10, the Riviera Beach City Council agreed to work with Viking Inlet Harbour Properties as the project's master developer. By November 2006, however, the city had abandoned the waterfront redevelopment scheme.Lozman’s resistance to the plan led him to attend Riviera Beach City Council meetings frequently. His lawsuit over the development agreement led to further conflict with the city. In one case, Lozman was described as a loudmouth criticising the redevelopment project and alleging wrongdoing by city officials. Later, the city attempted to remove Lozman from the marina. One dispute concerned the terms of his marina residency.The dispute also drew academic attention. As the University of Miami Law Review notes, the redevelopment controversy came before the dispute over Lozman’s floating home and formed part of the background to his ongoing conflict with Riviera Beach. The city later filed a separate federal suit arguing that the floating home was a vessel subject to federal admiralty law. It was a 60-by-12-foot two-story wooden home consisting of a kitchen, bathroom, bedroom, and office space.According to the Florida Law Review , the legal significance of the case extended beyond the unusual appearance of Lozman's home. The dispute eventually reached the US Supreme Court, which ruled in 2013 that Lozman's floating home was not a vessel under federal maritime law. The justices said the key question was whether a reasonable observer would see the structure as designed to a practical degree to transport people or things over water. Because the home lacked features associated with maritime transport and was designed as a residence, the court ruled in Lozman’s favour. The decision established a “reasonable observer” test for determining vessel status, though later cases raised questions about how consistently it could be applied.However, Lozman’s legal disputes with Riviera Beach did not end with the 2013 ruling. In 2018, the Supreme Court said the lower court had used the wrong test to evaluate Lozman’s retaliation claim and sent the case back for further proceedings. What began as a dispute over waterfront redevelopment grew into a long legal history involving eminent domain, open-government laws, free speech and maritime law. The $2.4 billion project was abandoned in 2006, but the legal disputes surrounding Lozman’s floating house continued for years and reached the US Supreme Court more than once.","In 2006, Fane Lozman moved his houseboat into the city-owned marina in Riviera Beach, Florida. The city was planning a $2.4 billion waterfront redevelopment project. Lozman objected publicly to the plan and challenged how the city approved its agreement with the developer. The dispute eventually reached the US Supreme Court, which ruled in 2013 that Lozman's floating home was not a vessel under federal maritime law. In 2018, the Supreme Court said the lower court had used the wrong test to evaluate Lozman’s retaliation claim.","https://static.toiimg.com/thumb/msid-134616759,imgsize-181978,width-400,height-225,resizemode-4/b3a6f39e-d89d-49c3-a15b-92729238a49d.jpg"
"In 2005 Ohio put ground tire rubber into 1 mile of King Road in Sylvania; 10 years later, the recycled section still matched the control at an 87% rating",https://timesofindia.indiatimes.com/world/us/in-2005-ohio-put-ground-tire-rubber-into-1-mile-of-king-road-in-sylvania-10-years-later-the-recycled-section-still-matched-the-control-at-an-87-rating/articleshow/134616679.cms,"AI-generated representative image showing ground tire rubber being incorporated into asphalt during a road resurfacing project. Credits - Gemini

How King Road became a test section

The 87% rating was kept

AI-generated representative image showing engineers inspecting a long-used pavement section made with recycled tire rubber. Credits - Gemini

What the outcome shows

On one side of the road, engineers applied a one-inch layer of ground tyre rubber as an asphalt overlay, while on the other side, a polymer-modified asphalt portion served as the control. The design of both blends met the Ohio Department of Transportation's requirements. The tyre rubber part and the control had the same pavement condition rating in every year reported in the study, which was a noteworthy outcome of ten years of monitoring. After four years, the rating reached 87%, and during the ten-year observation period, it barely altered. Rubber-modified asphalt is not always superior, according to the test. It has been shown that recycled tyre rubber can create a pavement section with long-term performance comparable to the conventional control under the conditions on King Road.The project uses the existing flexible pavement on King Road, Sylvania. The Ohio field report published through the U.S. Department of Transportation research archive says the new surface was a one-inch overlay applied in 2005 across a one-mile stretch.Different asphalt binders were used in the northbound and southbound lanes. One lane employed a modified binder of tyre rubber, or GTR. The control part used a polymer-modified binder. Both were PG rated 76-22 and were formulated to fulfil Ohio DOT criteria for fine-graded asphalt mixes.The road wasn’t a super-heavy truck route. The analysis revealed that the average daily traffic is roughly 7,120 cars per day, of which about 142 are trucks per day. That is important since pavement performance is highly dependent on traffic, climate and the structure underneath the surface. Researchers then followed the two sections rather than judging them after the first few seasons. Their records covered performance and pavement distress over a full decade, allowing the comparison to show how the rubber-modified mix behaved as cracking and other damage developed.The most popping number from the project is the 87% pavement condition rating. After four years, the PCR increased to 87% and then remained fairly steady, while the GTR and polymer-modified parts had the same PCR score in all years studied, according to the research. There were no cracks in the pavement. Transverse cracks emerged after around 2 years; non-wheel-track longitudinal cracks after 4 years. The fissures became more severe with time. The fourth year was the moment when crack sealing was required. Still, the two parts moved closer together. The study followed both for 10 years and found them to perform well with no significant difference in the pavement condition assessment.These conclusions are further validated by a separate long-term assessment of many Ohio GTR programs. The King Road project was one of the comparisons with a polymer-modified control, and 10-year field data were part of the study on GTR asphalt performance and life-cycle costs.Road authorities can use material from discarded tyres to add tyre rubber to asphalt for building of pavements. Ground rubber can change the properties of the asphalt binder, but the ultimate result relies on the rubber, binder, aggregate, mix design, traffic and climate. King Road is thus a representative field example, not a universal formula. The good 10-year performance in the Ohio research itself may have been due to the increased asphalt content used in the combinations on King Road and the relatively low traffic flow on that road.The finding is nevertheless remarkable because the rubber piece didn’t only survive a few years. Over a decade of service, it remained equivalent to the polymer-modified control while reaching the same 87% PCR level. The comparison is especially important because both sides of the road have similar surroundings and traffic. The use of a control section was employed in an effort to assess if the rubber-modified surface was deviating from normal polymer-modified pavement rather than assessing its condition alone.The Ohio research subsequently incorporated the topic into a larger study of GTR pavement performance. That means the King Road project is a real-world test of recycled material against a conventional option. While the road didn't prove all tire-rubber pavement can last 10 years, it did indicate that in this particular one-mile stretch of Sylvania, the recycled method can hold its own over time.","Engineers applied a one-inch layer of ground tyre rubber as an asphalt overlay. On the other side, a polymer-modified asphalt portion served as the control. The tyre rubber part and the control had the same pavement condition rating in every year reported in the study.","https://static.toiimg.com/thumb/msid-134616758,imgsize-508427,width-400,height-225,resizemode-4/road-resurfacing-project.jpg"
"In the 1970s, Newark Airport buried coal fly ash beneath runways built for jumbo jets; more than 20 years later, FHWA said the pavement was still performing well",https://timesofindia.indiatimes.com/world/us/in-the-1970s-newark-airport-buried-coal-fly-ash-beneath-runways-built-for-jumbo-jets-more-than-20-years-later-fhwa-said-the-pavement-was-still-performing-well/articleshow/134616015.cms,"AI-generated representative image showing a stabilized fly-ash base being constructed. Credits - Gemini

How the airport used the ash

Extended field test

AI-generated representative image showing an engineering core sample from an airport pavement with the stabilized base layer examined after years of service. Credits - Gemini

Importance of the Newark Experiment

The pavement must withstand repeated loads without failing or deforming when airports construct runways for huge planes. Throughout the 1970s, Newark International Airport in New Jersey hosted one of the biggest US operations using coal fly ash in a stabilised pavement base. The stuff wasn't just thrown underground. To make a cementitious base for flexible pavement, engineers used fly ash, lime, Portland cement, and sand. After 20 years or more, the Federal Highway Administration reported that the stabilised parts were still operating satisfactorily. This project was notable because it showed that a material derived from the burning of coal could be made into a structural layer for a large airport. It also provided an early example of the use of an industrial byproduct in the construction of long-life infrastructure.In the early to mid-1970s, construction began at Newark to build or expand runways, taxiways, and aircraft aprons for the jumbo jet era. Federal Highway Administration research on stabilised fly-ash bases indicates that the system was built as a flexible pavement with a stabilised base underneath. The basis was built in three levels with slightly varying mix compositions.Fly ash was 10 to 12% of the mix, and lime and Portland cement were roughly 3 to 4%. The completed stabilised base was 24 to 36 inches deep and provided a major structural layer beneath the asphalt surface of the runway system.The combination used a reaction between the fly ash and the activating ingredients. The reaction caused a cementitious matrix to form that linked the aggregate together, giving the base properties more akin to a layer of low-strength concrete than loose fill. This type of system is called a pozzolan-stabilized base by the FHWA, which is intended to offer load-bearing support under a flexible pavement.The design must also fulfil the requirements for heavier aircraft. The FHWA record shows one mixture with 4% lime and Portland cement reached ultimate strengths of roughly 2,000 to 2,600 pounds per square inch, suggesting the material was being employed as an engineered pavement component rather than as a simple waste-disposal approach.What makes the Newark experiment especially interesting is that the material had to show itself throughout years of use, not simply in laboratory tests. The FHWA's later examination indicated that the stabilized-base pavement sections appeared to be functioning satisfactorily after more than 20 years of operation. That finding is part of a longer history of using fly ash in pavement bases. The FHWA said stabilized-base compositions containing fly ash have been utilised in the United States since the 1950s, when the material reacts with lime, Portland cement or other activators to generate a binding matrix.The FDA also warned that the system has a flaw: cracking. Stabilised bases may have shrinkage fractures that will eventually reflect through the asphalt surface and increase maintenance requirements. This scenario means that long-term performance depends not only on the mix strength but also on the design, curing, and placement of the base.FHWA's guidance says that the proper mix depends on the type of fly ash, the type of aggregate, the activator, and the moisture conditions. Thus, the Newark experience was not evidence that any coal ash could be easily replaced in a runway. It demonstrated that a carefully formulated blend could operate under challenging conditions.Coal fly ash used to be considered primarily as a waste product that needed to be disposed of after coal was burnt. Alternatively, it may be used in stabilised pavement bases, putting part of that material into a regulated engineering use where its chemical qualities can add strength. That idea mattered economically as well. FHWA's study has shown that stabilised fly-ash bases usually have been more economical than other base materials in many places, however actual savings will depend on local resources, mix design and building conditions.The initiative also demonstrated the importance of linking material reuse to engineering and not simply substitution. Fly ash varies by source, and its behaviour depends on chemical composition and the activator used. The FHWA advice treats the material as part of a planned stabilized-base system with mix proportions, curing and strength development all influencing performance. That at Newark was particularly apparent, since the pavement was built to carry jumbo-jet loads. Even more than 20 years later, the government evaluation still said the stabilised pavement was performing satisfactorily.The lesson isn't that fly ash makes better runways automatically. It is that an industrial by-product can be turned into a valuable construction material if its chemistry, proportions and long-term behaviour are known. The runway base at Newark is one of the most obvious historic examples of that method in a major US airport project.","Newark International Airport in New Jersey used coal fly ash in a stabilised pavement base. After 20 years or more, the stabilised parts were still operating satisfactorily. The project was notable because it showed that a material derived from the burning of coal could be made into a structural layer for a large airport.","https://static.toiimg.com/thumb/msid-134616202,imgsize-477256,width-400,height-225,resizemode-4/stabilized-fly-ash-base.jpg"
"California removed invasive rabbits from Santa Barbara Island; its endangered native dudleya stopped declining, with 534 plants later counted",https://timesofindia.indiatimes.com/world/us/california-removed-invasive-rabbits-and-hares-from-santa-barbara-island-its-endangered-native-dudleya-stopped-declining-with-about-500-plants-later-counted/articleshow/134615003.cms,"Santa Barbara Island in California and an image of a hare. Credits - Wikimedia Commons

A plant on the verge

Santa Barbara Island Dudleya (Dudleya traskiae). Credits - Wikimedia Commons

Threats that remain

There are plants and creatures unique to the Channel Islands off the coast of southern California. Santa Barbara Island, about one square mile in area and home to plant species found only on the Channel Islands, illustrates the vulnerability of isolated island ecosystems. Over the course of more than a century, a large portion of its native vegetation was removed by goats, sheep, farms, and eventually rabbits.One fatality was the Santa Barbara Island liveforever, a succulent found nowhere else. Rabbits, often called hares in older accounts, chewed it so heavily that botanists feared in the early 1970s that it might be extinct. The National Park Service began removing an estimated 6,000 rabbits in 1954 and continued control efforts until the last rabbits were eliminated in 1981. The plant's decline subsequently stabilized, with 534 plants recorded around Signal Peak in 1984, 2,353 counted island-wide in 2020 and about 3,800 recorded in 2024. It remains classified as endangered.Dudleya traskiae, the liveforever, has rosettes of thick, pale green leaves and produces yellow flowers from spring into early summer. It grows on steep rocky slopes and sea cliffs surrounding the rim of the island.Earlier grazing by goats and sheep, followed by introduced rabbits and hares, severely altered the island's native vegetation. In the next decades came hares and rabbits. In 1950, a biologist identified only two rabbits, but by 1953 he reported that native vegetation had been damaged almost to the extent caused by earlier sheep grazing.By April 1978, when the US Fish and Wildlife Service designated the plant as endangered, only two populations were known to exist. One showed three plants coming out from stubs eaten down by animals to ground level; the other was a few hundred plants on a sea cliff out of reach of the creatures. A later Fish and Wildlife Service assessment, citing a 1975 Smithsonian report, said the plant had not been collected since 1968 and was considered possibly extinct. The listing blamed hares, but further investigation revealed the animals were actually rabbits. Now that the grazing was finished, the question was, how many plants were left?The last rabbits left in 1981, and park workers inspected the island in 1982, 1983, and 1984, discovering eleven colonies. The cliffs at Signal Peak were the only place where more than 100 plants were found, and discoveries in 1984 increased the estimate for that region to 534, according to a Fish and Wildlife Service evaluation of the species. In a three-year study from 1985 to 1987, the plants in its sample plots were found to be virtually steady, while the overall number of rosettes increased by 22%.Subsequent estimates were low but promising, numbering 852 plants island-wide in 2004 and 928 in 2006. The assessment cautioned that such numbers depended on assumptions about the cliffs at Signal Peak, so a real increase from one year to the next couldn’t be shown. Recruitment has been a perennial issue. Deer mice eat the seeds; dryness kills the seedlings, and when park officials planted roughly 800 seedlings in 2005, just 15 per cent survived until January 2006. More recent surveys have recorded substantially higher numbers, although the assessment notes uncertainty caused by different survey methods and the difficulty of counting plants on steep terrain.A later Fish and Wildlife Service assessment reported that 2020 surveys counted 2,353 plants, the highest total recorded to date. Most, 1,683, were in one stand visible only in aerial photos, meaning those plants had probably been there for years and uncounted. The study found no obvious overall pattern, with some colonies expanding and others contracting or dying, and it maintained the listing as an endangered species.The rabbit problem has largely been resolved, but other pressures remain. Native deer mice devour seeds, seedlings and mature plants, and 506 young plants planted out near the island’s dwellings and campsite in July 2019 had all disappeared by 2020, likely eaten by mice. Brown pelicans can also damage rosettes and alter the soil in ways that favor grasses. The assessment also identified introduced annual grasses and iceplant, along with fire risk, as continuing pressures on the species. They increased their roosting on the island from around 2004 onwards. Introduced annual grasses and iceplants continue to dominate most of the area, boosting both competition and fire risk. Conservationists have already collected seed and grown hundreds of seedlings on an island nursery. The assessment calls for regular monitoring and protective cages for fresh plantings.The available evidence suggests the rabbit removal helped the plant recover, although it was not the only factor. The species persisted after the rabbits were eliminated, new colonies were identified and later surveys recorded substantially more plants than earlier counts. But regeneration on a small, devastated island is gradual, and the future of the plant rests on managing mice, pelicans, weeds and fire as carefully as the rabbits once were.","Dudleya traskiae, the liveforever, has rosettes of thick, pale green leaves and produces yellow flowers from spring into early summer. It grows on steep rocky slopes and sea cliffs surrounding the rim of the island. Introduced grass and iceplants continue to dominate most of the area.","https://static.toiimg.com/thumb/msid-134615308,imgsize-376464,width-400,height-225,resizemode-4/santa-barbara-island-in-california.jpg"
"In the 1870s, a San Francisco undertaker refused to sell his small house to a railroad millionaire; instead of taking it, the tycoon built a towering spite fence around it",https://timesofindia.indiatimes.com/world/us/in-the-1870s-a-san-francisco-undertaker-refused-to-sell-his-small-house-to-a-railroad-millionaire-instead-of-taking-it-the-tycoon-built-a-towering-spite-fence-around-it/articleshow/134614593.cms,"Edith Macefield's house. Image credits: Wikimedia Commons

A holdout refuses to sell while neighbors do

Crocker wanted the whole block and Yung would not sell

Edith Macefield turned down $1 million in Seattle in 2006

One wall shut a neighbor in and another wall rose around her

American courts gave holdouts little protection from walls

Fences,

The Crocker block became the site of Grace Cathedral. Image credits: Wikimedia Commons

Seattle's holdouts left spite mounds and a shack on the waterfront

The Crocker block became the site of Grace Cathedral

Some people say no to money. Far fewer say no to a railroad millionaire, and fewer still keep saying it while a wall rises outside their windows. On San Francisco's Nob Hill, an undertaker named Nicholas Yung did exactly that. His small house became the centre of a well-known property dispute after he refused to sell to Charles Crocker, who responded by building a 40-foot fence around three sides of the property, as Arnold Woods recounts in his Western Neighborhoods Project article. Putting the undertaker's stand beside a much more recent one in Seattle shows what changed, what did not, and why the law had so little to say about it.Linda Holden Givens defines the term in her HistoryLink.org essay Edith Wilson Macefield: A House Is Your Home , describing a holdout as someone who refuses to sell property while everyone around her does. The essay adds that in China such houses are known as dingzihu, or nail houses, because they stay put while developments are built around them.Arnold Woods tells the San Francisco side in The Big 4 on Nob Hill: A Closer Look from the Western Neighborhoods Project. Crocker had his house at 1100 California Street built by the same architectural firm, S. C. Bugbee & Son, that designed Leland Stanford's house.Crocker owned a vast area, but he wanted the whole block, and Yung refused to sell. Crocker therefore built a 40-foot fence around three sides of Yung's property, and a footnote in Woods's article traces the account to a San Francisco Chronicle article dated July 27, 1878. Woods writes that after Yung died in 1880, his heirs later sold the property and the house and fence were torn down. Other accounts say Yung's widow, Rosina, held on until she died in 1902 and that their daughters sold the lot to the Crocker family in 1904.Givens's essay connects Macefield to a long-standing tradition in Seattle. Princess Angeline, the daughter of Chief Seattle, lived in a waterfront cabin in Seattle despite an 1865 ordinance calling for the removal of Native Americans from the town. She remained there until her death on May 31, 1896. However, she declined both offers due to several reasons which are clearly stated in the essay.The San Francisco and Seattle cases ended in a similar picture of a small house walled in, but the walls began with different intentions. Crocker built his fence to enclose Yung's property on three sides. Givens's essay says mall construction began in spring 2006 and had enclosed Macefield's house by 2007. Moreover, the essay mentions that Barry Martin, who was the project supervisor, had introduced himself to her, assured her of help in case of any problem and gradually became her friend. She died on June 15, 2008, leaving the house and its contents to Barry Martin in her will. In July 2009, Martin sold the home to Greg Pinneo of Reach Returns for $310,000. Bridge Group also decided not to buy the adjacent Mike's Chili Parlor because of possible public disapproval.A neighbor like Yung had few legal options, and the American Planning Association's August 1958 report,explains why. At common law, an owner was entitled to make reasonable use of his land, and obstructing a neighbor's light, air, or view was no ground for a lawsuit. The English doctrine of ancient lights did not apply in the United States, a position American courts had taken long before 1958, as in the New York Supreme Court's 1838 decision in Parker v. Foote. Because courts were reluctant to treat spite fences as private nuisances, several states, including Connecticut, Maine, Massachusetts, New Hampshire, Vermont, Washington, New York and Kentucky, passed statutes allowing suits over them. In the 1880 Connecticut case Gallagher v. Dodge, the motive test was introduced: a fence or building could be considered spiteful if a person of ordinary judgment viewed it that way. The same report noted that the New York act set a fence height limit of ten feet.Cities that tried to ban such fences through zoning struggled. In the 1956 Ohio case State v. Zumpano, a court struck down a Norton Township zoning provision that prohibited unnecessary structures, including fences, whose apparent purpose was to annoy or damage an adjacent owner, because the provision lacked uniform standards for what was prohibited. The report concludes that a city's only direct control over spite fences is height.The HistoryLink article connects Macefield to a long-standing tradition in Seattle. Princess Angeline, the daughter of Chief Seattle, lived in a waterfront cabin in Seattle despite an 1865 ordinance calling for the removal of Native Americans from the town. She remained there until her death on May 31, 1896, as documented by HistoryLink.org. The article also points out that when Denny Hill was leveled in the late nineteenth and early twentieth century, certain buildings remained perched on ""spite mounds. ""After the 1906 earthquake and fire destroyed the Nob Hill mansions, the Crocker family donated their plot to the Episcopal Diocese, which had lost its Grace Cathedral in the catastrophe as well. The cornerstone of Grace Cathedral was laid on January 24, 1910. Construction of the present cathedral began in the late 1920s and proceeded in stages before the completed building was consecrated on November 20, 1964.","A holdout is someone who refuses to sell property while everyone around her does. In San Francisco's Nob Hill, an undertaker named Nicholas Yung refused to sell to Charles Crocker. Crocker built a 40-foot fence to enclose Yung's property on three sides. Edith Macefield turned down $1 million in Seattle in 2006.","https://static.toiimg.com/thumb/msid-134614675,imgsize-267400,width-400,height-225,resizemode-4/edith_macefields_house.jpg"
"In 1916, a New York widow raising five children refused to sell her Manhattan row house; developers put 14- and 15-storey apartment buildings on both sides, leaving her home standing",https://timesofindia.indiatimes.com/world/us/in-1916-a-new-york-widow-raising-five-children-refused-to-sell-her-manhattan-row-house-developers-put-15-storey-apartment-blocks-on-both-sides-leaving-her-home-standing/articleshow/134614503.cms,"AI Representation: Historic Townhouse Between Towers. Image credits: Chatgpt

West End Avenue Survey: A Proposal for Historic District Designation

The Cook family raised five children in the house

Apartment houses of 12 to 16 stories replaced row houses

Exterior view of Grace Cathedral, which now occupies the block where Crocker’s mansion stood. Image credits: Wikimedia Commons

Mary Cook

declines offers as 255 West End Avenue rises

243 West End Avenue rises 15 stories to the south

The Continental Club moves in and the district is designated

The five-story row house at 249 West End Avenue on Manhattan's Upper West Side stands between two much taller apartment buildings. The Landmarks Preservation Commission's West End-Collegiate Historic District Extension Designation Report, adopted on June 25, 2013, states that Clarence True designed the house at 249 West End Avenue in the Romanesque Revival style in 1892 and 1893, with an American basement plan that lowered the stoop nearly to street level. The report calls it one of the few remaining single-family houses on West End Avenue. The commission's building notes describe it as one of four or five similarly designed houses, while Newyorkitecture counts five. That fit the avenue's first phase. Dolkart's 2009 survey , says the first phase of development, largely from 1885 to 1900, created a street of fine, upper-middle-class, single-family row houses, along with a few larger French flats and several churches and other institutional buildings.Ferdinand Huntting Cook and his wife, Mary Aldrich Cook, bought the house and made it the home of their five children. The location suited their two sons, who attended the nearby Collegiate School, as 6sqft reported. On January 3, 1913, Ferdinand left the house and did not return, and his body was found about a month later in a wooded area in Queens, leaving Mary a widow, as Daytonian in Manhattan recounts.The designation report explains that after 1900, rising construction costs made new row houses impractical, and the opening of the IRT subway in 1904 made the Upper West Side more accessible to the city's expanding population. The 1901 Tenement House Act, which also regulated light, ventilation, fireproofing and lot coverage, capped building height at one and a third times the width of the street. The ratio was amended to one and a half times in 1902 and remained in effect until 1929.Before World War I, apartment buildings in the area were 12 to 14 stories high, and after the war they rose to 15 or 16 stories. Developers bought row houses less than 30 years old to assemble sites, and Riverside Drive and West End Avenue were especially vulnerable to the trend. Dolkart's survey counted 218 buildings on West End Avenue as of January 2009, including 112 large apartment buildings and 70 narrow single-family homes, many converted to apartments.255 West End Avenue rose on the north side of her house. The designation report dates it to 1916 and credits Schwartz & Gross, listing it among the two earliest Colonial Revival apartment buildings in the extension, and New Yorkitecture gives its height as 14 stories. The commission notes that Mary Cook repeatedly declined offers to sell even as similar houses to the north and south were demolished for apartment buildings.The designation report credits Emery Roth with 243 West End Avenue and dates it to 1925, and Newyorkitecture gives its height as 15 stories. Development on the south side was underway in the early 1920s, as 6sqft reported, so the house waited several years for its next neighbor. Developers hoping to assemble the whole block could do nothing without Mary Cook's agreement.Mary Cook died in 1932, as New Yorkitecture and Daytonian in Manhattan note, and the house changed hands. The designation report says the Continental Club was in the building during the 1930s, possibly into the 1940s, offering lectures, musical performances and other cultural events, and its Uptown Gallery showed works by artists including Adolph Gottlieb and Mark Rothko. The house was later converted to apartments. When the extension was designated in 2013, the district consisted of about 220 buildings between West 70th and 79th Streets, and No. 249 is the last survivor of its row, as Untapped Cities notes.","The five-story row house at 249 West End Avenue on Manhattan's Upper West Side stands between two much taller apartment buildings. The Landmarks Preservation Commission's West End-Collegiate Historic District Extension Designation Report, adopted on June 25, 2013, states that Clarence True designed the house in the Romanesque Revival style in 1892 and 1893.","https://static.toiimg.com/thumb/msid-134614545,imgsize-239628,width-400,height-225,resizemode-4/townhouse.jpg"
Can Jared Kushner broker Gaza peace while investing in Israel? His billion-dollar ties face scrutiny,https://timesofindia.indiatimes.com/world/us/can-jared-kushner-broker-gaza-peace-while-investing-in-israel-his-billion-dollar-ties-face-scrutiny/articleshow/134632502.cms,"By October 2025, Kushner was deeply involved in the administration’s Middle East diplomacy.

Kushner’s investment grew as he entered diplomacy

Affinity has made a substantial return

Critics question the overlap

Jared Kushner has emerged as an important figure in the Trump administration’s efforts to negotiate an end to the Gaza war. At the same time, his private equity firm, Affinity Partners, is the biggest shareholder in an Israeli financial company that has invested in businesses supplying equipment to Israel’s military, a CNN investigation has found.Affinity’s investment is in Phoenix Financial, a major Tel Aviv-based financial firm. CNN traced Phoenix’s investments using Israeli financial disclosure records and found that it has put hundreds of millions of dollars into Elbit Systems, Israel’s largest arms manufacturer, as well as at least eight other companies that supply equipment to the Israeli military.The businesses identified include companies involved in drones, warships, tank equipment and machinery used for demolition.Affinity does not directly own shares in those nine military-linked companies. However, because it owns a large stake in Phoenix, it can benefit financially if Phoenix profits from those investments.All nine companies identified by CNN saw their stock prices rise last year. Several also said the war in Gaza had increased demand for their products. Phoenix’s holdings in the nine companies were worth more than $456 million, according to CNN’s investigation.Affinity first bought a stake in Phoenix in July 2024. In January 2025, shortly before Donald Trump returned to the White House, the investment firm doubled its stake, making it Phoenix’s largest shareholder.By October 2025, Kushner was deeply involved in the administration’s Middle East diplomacy. He had been involved in negotiations between Israel and Hamas and appeared in Tel Aviv following the release of hostages.This created an unusual situation in which Kushner was involved in efforts to negotiate an end to a war while his investment firm continued to hold a major financial interest in an Israeli company whose investments included businesses connected to the military campaign.CNN found no evidence that Kushner directly influenced Phoenix’s investment decisions in the companies linked to Israel’s military.Kushner’s lawyer said he is not on Phoenix’s board, has never held a management position there and does not decide where the company invests. However, CNN reported that Kushner previously said he had regular discussions with Phoenix executives and met with the company’s team every few weeks.His lawyer said Kushner has reduced his contact with Phoenix management since becoming more involved in public service and diplomatic work.Kushner’s firm has already made significant money from its Phoenix investment. In July this year, Affinity sold around a quarter of its Phoenix stake for more than $340 million. CNN reported that this represented a return of more than five times the firm's original investment.Affinity remained Phoenix’s largest shareholder, with a 7.4% stake worth more than $1 billion at the time.Kushner has openly defended his approach of combining business and diplomacy. He has argued that economic cooperation can help bring Israelis and Arabs together and ultimately contribute to peace.“When you get an Arab and Israeli together and they start talking about a business opportunity, they forget about everything else and then they realize that there’s a lot of similarities,” Kushner told the “No Priors” podcast in September last year.“My investors from the Middle East are now looking at Israel, and they’re saying, ‘Wait a minute, maybe there’s a benefit to having these wars done,’” he added.The combination of Kushner’s private investments and his role in Middle East diplomacy has prompted criticism from government ethics experts.Cynthia Brown, chief ethics counsel for Citizens for Responsibility and Ethics in Washington, said people who stand to benefit financially from government policy should not also be involved in making those policy decisions.“There are always people who profit from war or government policies. The difference is that the people profiting should not be the people making the decisions to make that policy. And that is what is happening here,” she said.Kushner has operated as a volunteer envoy rather than taking a formal government position. CNN’s investigation says this has meant his finances have not been subject to the same disclosure requirements that would apply to someone holding an official government job.The White House has said Kushner’s personal business activities have no connection to his diplomatic work. Phoenix Financial also declined to answer CNN’s questions, but said it is a regulated company and that shareholder value comes primarily from its operating performance rather than investment returns.","Kushner's investment in Phoenix Financial grew as he entered diplomacy. Phoenix has put hundreds of millions of dollars into Elbit Systems, Israel’s largest arms manufacturer, and at least eight other companies that supply equipment to the Israeli military. All nine companies identified by CNN saw their stock prices rise last year.","https://static.toiimg.com/thumb/msid-134632574,imgsize-46612,width-400,height-225,resizemode-4/board-of-peace-panel-at-the-whitby-hotel-on-the-sidelines-of-the-81st-united-nations-general-assembly-in-new-york-city.jpg"
"In 2008, an Oregon lawyer kept his 1894 house from a planned takeover for student towers; the transit agency cancelled its acquisition plan",https://timesofindia.indiatimes.com/world/us/in-2008-an-oregon-lawyer-stopped-portland-from-condemning-his-1894-house-for-student-towers-the-transit-agency-cancelled-its-takeover-plan/articleshow/134613810.cms,"Portland State University. Image credits: Wikimedia Commons

Acker buys the 1894 house at 525 SW Jackson Street

TriMet and Portland State plan to redevelop Block 158

PSU campus in spring. Image credits: Wikimedia Commons

The Ramifications of Post-Kelo Legislation on State Transportation Projects

Acker's records request exposes the plan to transfer the land to Portland State

The Oregonian editorial of January 7, 2008

College Station rises around the house

Oregon voters curb private transfers

In February 2008, TriMet told Portland business lawyer Randal Acker that its transit project and Portland State University's dormitory project would go ahead without buying or demolishing his 1894 Queen Anne house near the university. The dispute began after Acker bought the house. A records request, neighborhood support and an editorial page all played a part before the agency that wanted the land stepped back.Acker purchased the house in September 2005 for $380,000 as a place to conduct his law practice, and the 1,600-square-foot property was the subject of TriMet’s acquisition efforts, as reported by Willamette Week. The Oregon State Bar Bulletin described the property as an 1894 Queen Anne-style home that housed Acker’s law practice, where two attorneys worked. According to the reported account, the house was named after his Portuguese water dog, Figo.Portland State University held a portion of Block 158 while TriMet held the rest. TriMet would buy the remaining land parcels and PSU would donate its shares under a memorandum of understanding between them, according to Willamette Week.The bulletin reports that TriMet used eminent domain to demolish another four nineteenth-century buildings on the same block. Late in 2006, when the project was underway, the agency informed Acker that there was nothing he could do. Because the house had historical significance, TriMet had to prove that no feasible alternative existed to buying and demolishing it.The agency was operating in a legal climate that changed after the Kelo decision. A 2012 TRB/NCHRP legal research digest , examines how state legislation passed in response to Kelo has affected the use of eminent domain for economic development, for condemning blighted and nonblighted property, and for restricting transfers of condemned property to private parties. It also examines how states have legislatively redefined ""public use.""As a result, Acker asked for TriMet's emails about this project for three years, as the same publication describes. It turned out that the intention was to give the land to the university, which was going to build a large dormitory on the site that included Acker's parcel. Also, he questioned how getting rid of the existing businesses would benefit the public interest.On January 7, 2008, The Oregonian published an editorial titled ""Leave the House Alone,"" as the Oregon State Bar Bulletin documented. In February 2008, a month later, TriMet sent Acker's firm a letter stating that its project and the university's project would proceed without buying or demolishing Figo House. Mike Robertson, general superintendent of construction for the joint venture building the Green Line, said he acted as a liaison between TriMet, the city and Acker, and that he and Acker developed a cordial relationship. TriMet spent $2 million to beautify the immediate area around the property, a figure Acker cited. Acker thanked the agency for that, said he appreciated public transportation, and added that he had hoped eminent domain would produce better results in the future.Construction of the dormitory took place within the surrounding area. Construction of Portland State University's $90 million College Station residence hall began in February 2011, as reported by Oregon Live and cited by the legal blog Inverse Condemnation; Oregon Business reported the same figure. During the groundbreaking held in March, the university representatives and contractors dropped by the Figo House with cookies and hard hats. Bill Bayless, CEO of American Campus Communities of Austin, Texas, said the house's position was typical of Portland. In 2011, Acker attached 400 helium-filled balloons to the Figo House's chimney, drawing a comparison with the house in Pixar's Up, as The Oregonian reported.The conflict also took place amid statewide changes. In November 2006, Oregon voters approved Measure 39, which restricted the use of condemnation for private gain. The Pacific Legal Foundation noted that Measure 39 passed by more than a two-thirds margin. The Oregon Secretary of State's official results for the November 7, 2006 general election show that 881,820 voters, or 67.13 percent, voted in favour of the measure. The above-mentioned study also examines how states have redefined ""public use"" in legislation. His property stands as the only one on the street, with a dormitory behind it and a law office within it.","Portland business lawyer Randal Acker bought an 1894 Queen Anne-style home in 2005 for $380,000 as a place to conduct his law practice. In 2008, TriMet told Acker that its transit project and Portland State University's dormitory project would go ahead without buying or demolishing the house. A records request, neighborhood support and an editorial page all played a part before the agency that wanted the land stepped back.","https://static.toiimg.com/thumb/msid-134615483,imgsize-264286,width-400,height-225,resizemode-4/portland_state_university.jpg"
"In 2005, an Iowa carpenter who never went to college left nearly $3 million in savings; 14 years later, 33 strangers whose education he funded gathered to remember the man they had never met",https://timesofindia.indiatimes.com/world/us/in-2005-an-iowa-carpenter-who-never-went-to-college-left-nearly-3-million-in-savings-14-years-later-33-strangers-whose-education-he-funded-gathered-to-remember-the-man-they-had-never-met/articleshow/134632707.cms,"Schroeder had never had the opportunity to attend college, but he wanted other young people to have that chance (AI enhance image, source: CBS)

He wanted to help students like himself

A phone call changed Kira Conard’s plans

33 students remembered Schroeder

Dale Schroeder spent 67 years working as a carpenter at the same business in Des Moines, Iowa. He grew up poor, never went to college, never married and had no children. He lived a simple life, owning only two pairs of jeans and an old rusty Chevrolet truck. But over the years, he quietly saved almost $3 million.When Schroeder died in 2005, his savings were used to create a scholarship fund for small-town Iowa students who wanted to attend college but could not afford it. The fund eventually paid for the college education of 33 people.Fourteen years after Schroeder's death, those 33 students came together to remember the man whose money had changed their lives, even though most of them had never met him. They called themselves 'Dale’s kids' and gathered around his old carpenter’s lunch box to talk about the difference he had made in their lives.Schroeder's friend Steve Nielsen remembered him as a “blue-collar, lunch pail kind of guy”. He said Schroeder went to work every day, worked hard and was frugal. That simple lifestyle allowed him to build savings that he later decided to use to help young people get an education.Before his death, Schroeder went to Nielsen, who was his friend and lawyer, with an idea for his money. Schroeder had never had the opportunity to attend college, but he wanted other young people to have that chance. “He said, 'I never got the opportunity to go to college. So, I'd like to help kids go to college,'” Nielsen recalled.At first, Nielsen did not know how much money Schroeder had saved. When he asked him about the amount, Schroeder told him it was “just shy of $3 million”. “I nearly fell out of my chair,” Nielsen remembered.Schroeder wanted the money to help small-town Iowa children who had the ability and desire to attend college but lacked the money to do so. His friend said the carpenter wanted to help students who were like him and might not have had an opportunity to go to college without his gift.The scholarship fund eventually helped 33 people attend college without having to pay for their education themselves. For the students who received the money, the scholarship became an opportunity they had not expected.Kira Conard was one of the 33 students helped by Schroeder's savings. At the time, she had completed high school with the grades needed to attend college, but her family could not afford it.Conard grew up in a single-parent household with three older sisters. Paying for college for all four children was not an option, she said. She wanted to become a therapist but did not see a realistic way to pay for her education.“It almost made me feel powerless. Like, I want to do this. I have this goal, but I can't get there just because of the financial part,” she said.At her high school graduation party, Conard was preparing to tell her friends that she would not be going to college. Then she received a phone call from someone who told her about Schroeder and the scholarship. “I broke down into tears immediately,” Conard said.The scholarship allowed her to attend college without taking on debt. She later graduated and planned to begin her career as a therapist.For Conard, the story was difficult to believe because the person funding her education was a man she had never met. “For a man that would never meet me to give me basically a full ride to college, that’s incredible. That doesn’t happen,” she said.The 33 people who benefited from Schroeder's savings eventually came together as “Dale’s Kids”. By the time they gathered to honour him, many had completed college and moved into careers including medicine, teaching and therapy.Their meeting also marked the end of the scholarship fund. Conard was the last person to receive one of Schroeder's scholarships after the fund had supported 33 students through college.Although Schroeder was no longer alive to meet the people he had helped, his friends and the scholarship recipients continued to remember his decision. His savings, built through decades of carpentry work and a frugal lifestyle, had been used to give the students an opportunity he had never received himself.There was only one condition attached to the gift. Schroeder could not be repaid because he had died, but he wanted the people he helped to continue the gesture in their own lives.“All we ask is that you pay it forward,” Nielsen said. “You can't pay it back, because Dale is gone, but you can remember him and you can emulate him.","Dale Schroeder spent 67 years working as a carpenter at the same business in Des Moines, Iowa. He lived a simple life, owning only two pairs of jeans and an old rusty Chevrolet truck. When Schroeder died in 2005, his savings were used to create a scholarship fund for small-town Iowa students who wanted to attend college but could not afford it. The fund eventually paid for the college education of 33 people.","https://static.toiimg.com/thumb/msid-134633229,imgsize-1053909,width-400,height-225,resizemode-4/schroeder-had-never-had-the-opportunity-to-attend-college-but-he-wanted-other-young-people-to-have-that-chance-ai-enhance-image-source-cbs.jpg"
US lawmaker urges Starbucks to close Xinjiang outlet in China over Uyghur oppression,https://timesofindia.indiatimes.com/world/us/us-lawmaker-urges-starbucks-to-close-xinjiang-outlet-in-china-over-uyghur-oppression/articleshow/134632811.cms,"China, meanwhile, has rejected widespread accusations of abuses against Uyghurs.

Starbucks is facing criticism in the United States after opening its first two outlets in China's Xinjiang region, with a US lawmaker urging the company to shut them down over alleged repression of Uyghurs.John Moolenaar, chairman of the House of Representatives' Select Committee on China, said Starbucks should ""immediately reverse course and close its stores"" in the region.The two outlets opened this week in Xinjiang's capital, Urumqi. One is located at the city's Grand Bazaar, while the other is at the international airport.Moolenaar described Starbucks' decision to operate in Xinjiang as a ""morally bankrupt decision"", arguing that the company should not be doing business in a region where the US has accused Chinese authorities of widespread abuses against Uyghurs, a mainly Muslim ethnic group.""This is a shocking and morally bankrupt decision by a company that prides itself on social responsibility,"" he said in a statement published on Thursday.""There is no justifiable reason for an American company to do business in a region where the CCP (Chinese Communist Party) has detained more than a million Uyghurs and is stripping them of their faith, language, and culture.""China rejects widespread accusations of abuses against Uyghurs.Beijing says its policies in Xinjiang are intended to tackle terrorism, separatism and religious extremism.Starbucks and China's Foreign Ministry had not responded to requests for comment at the time of publication. China is currently observing a week-long national holiday.Starbucks has instead presented its arrival in Xinjiang as part of its wider strategy in China. In a post on the company's official WeChat account, Starbucks said the new outlets represented more than the opening of coffee shops and were intended to offer an experience combining local culture with the needs of customers.Liu Wenjuan, Starbucks' chief executive in China, said the company would continue investing in Xinjiang.Images shared by Starbucks showed the company's branding in both English and Chinese. However, there were no obvious signs using the Uyghur language, which uses an Arabic-based script and is officially recognised alongside Chinese in Xinjiang.The controversy comes as Starbucks expands its business in China through a new ownership structure. In April 2026, the company completed a joint venture with Boyu Capital, which became the strategic investor with a 60% stake. The joint venture operates around 8,000 Starbucks outlets across China.","Starbucks has opened its first two outlets in China's Xinjiang region. A US lawmaker has urged the company to shut them down over alleged repression of Uyghurs. The two outlets opened this week in Xinjiang's capital, Urumqi.","https://static.toiimg.com/thumb/msid-134634512,imgsize-83716,width-400,height-225,resizemode-4/uyghurs-in-xinjiang-og-image.jpg"
Pakistan forces kill 7 TTP militants in North Waziristan amid rising violence along Afghan border,https://timesofindia.indiatimes.com/world/pakistan/pakistan-forces-kill-7-ttp-militants-in-north-waziristan-amid-rising-violence-along-afghan-border/articleshow/134633772.cms,"Pakistan military-led government refers to the banned TTP as Fitna al Khawarij.

Seven militants belonging to the Tehreek-e-Taliban Pakistan (TTP) were killed by security forces during an intelligence-based operation in north-western Pakistan on Friday, according to an official.The operation took place in Eidak, an area of North Waziristan district in Khyber Pakhtunkhwa province, which has witnessed repeated militant attacks in recent years.Security forces also destroyed several hideouts during the operation, the official said. The action was carried out under the government's Azm-e-Istehkam move, which is part of Pakistan's purported efforts to tackle terrorism.Pakistan's federal government refers to the banned Tehreek-e-Taliban Pakistan, or TTP, as Fitna al Khawarij.Khyber Pakhtunkhwa has remained a major hotspot for militant violence, partly because of its border with Afghanistan. The region has also seen repeated military operations and the movement of fighters across the border.The TTP ended its ceasefire with the Pakistani military-led government in November 2022. Since then, the group has carried out repeated attacks in Khyber Pakhtunkhwa, particularly against security forces.Figures from the Centre for Research and Security Studies show that Khyber Pakhtunkhwa was Pakistan's worst-hit region for violence in the third quarter of 2025.It recorded 638 violence-related deaths, accounting for nearly 71 per cent of the national total, along with 221 violent incidents, or more than 67 per cent of the total.Khyber Pakhtunkhwa and Balochistan, both of which border Afghanistan, together accounted for more than 96 per cent of militant-related violence recorded in Pakistan during that period.Separately, Reuters sources reported an attack on a convoy of paramilitary troops in the volatile Kurram district. Roadside bombs struck the convoy before a large group of militants opened fire, according to five Pakistani security officials.The Pakistani Taliban claimed responsibility for that attack in a statement to a Reuters reporter. Pakistan's military public relations wing did not immediately respond to requests for comment.Security forces launched a search operation to locate those responsible, while the government had not issued an official statement at the time of the report.The TTP has intensified attacks on Pakistani security forces in recent months. The group seeks to overthrow the Pakistani government and establish its own hardline interpretation of Islamic rule.Islamabad has accused Afghanistan of allowing the TTP to use its territory to train fighters and plan attacks inside Pakistan. Kabul has denied the allegation.","Seven militants belonging to the Tehreek-e-Taliban Pakistan (TTP) were killed by security forces during an intelligence-based operation. The operation took place in Eidak, an area of North Waziristan district in Khyber Pakhtunkhwa province. Security forces also destroyed several hideouts during the operation, the official said.","https://static.toiimg.com/thumb/msid-134634879,imgsize-1022730,width-400,height-225,resizemode-4/3-cops-killed-as-militants-open-fire-on-police-vehicle-in-pakistan.jpg"
"Jail, isolation, crackdown: Why Pakistan’s establishment has failed to break Imran Khan",https://timesofindia.indiatimes.com/world/pakistan/jail-isolation-crackdown-why-pakistans-establishment-has-failed-to-break-imran-khan/articleshow/134594486.cms,"Former Pakistan PM Imran Khan has been incarcerated since 2023 (File photo)

How Imran Khan got here

Why Imran Khan matters

Imran Khan: From cricket captain to PM to inmate

How state failed to marginalise Imran Khan politically

Imran Khan: PTI's 'red line'

The 'persecution' of Imran Khan

Main legal cases against Imran Khan

Imran Khan: A case that resonates beyond politics

The state’s struggle to marginalise Imran Khan

Islamabad had prepared for another confrontation. Roads were blocked, security forces deployed and Pakistan Tehreek-e-Insaf (PTI) supporters were expected to march towards the capital demanding the release of their jailed leader, Imran Khan Then, days before the September 27 protest, PTI postponed the march until October 4, temporarily easing the pressure on the government.But the roads can be reopened and the barricades removed. The political problem surrounding Imran Khan is proving harder to clear.The former prime minister has now spent more than three years behind bars. The establishment has used imprisonment, restrictions on his contact with the outside world, scores of legal cases and a crackdown on his supporters. Yet none of it has so far succeeded in removing Imran Khan from the centre of Pakistan's politics. PTI-backed independents won the largest number of directly elected national assembly seats in the 2024 general election, and his supporters continue to mobilise around demands for his release.The postponed Islamabad march is therefore less an end to the latest confrontation than another pause in a political standoff that has survived elections, convictions and imprisonment.Imran Khan retired from international cricket in 1992, shortly after leading Pakistan to its first and, so far, only 50-over Cricket World Cup title. Four years later, in 1996, he formally entered politics by founding the PTI.His political breakthrough finally came after the 2018 general election, when the PTI emerged as the single-largest party and he became prime minister. His rise to power was widely seen by rivals and analysts as having benefited from the backing of Pakistan’s military, the country’s most powerful institution, although both Khan and the military denied that the army had helped bring him to power.That relationship subsequently deteriorated. In April 2022, the opposition brought a parliamentary no-confidence vote against Imran Khan, which he lost and was thus removed from office.He has since faced more than 100 cases, many involving corruption allegations. Several of his convictions have been overturned, suspended or otherwise challenged, while he has consistently denied wrongdoing.Imran Khan was imprisoned in August 2023 and has remained behind bars since then. Yet his incarceration has done little to diminish his presence in Pakistan’s public life or erase him from the public consciousness.Thanks to his cricket career, Imran Khan was already a well-known public figure before entering politics. Following his retirement, he gained further goodwill by giving Pakistan its first specialised cancer hospital, the Shaukat Khanum Memorial Cancer Hospital, named after his mother, in Lahore. The hospital opened in 1994.That personal following later became the foundation of a political movement, the PTI, that presented him as an outsider challenging Pakistan’s established political order. In a country where civilian politics has long been shaped by the Bhutto-Zardari and Sharif families, Imran Khan offered voters a figure outside the traditional political dynasties. His image as a retired cricket captain with no family legacy in politics helped distinguish him from the established political class.His prime ministership brought him further visibility and established him as a central figure in Pakistan’s civilian politics.And therein lies his significance: an outsider who challenged Pakistan’s established political dynasties, became prime minister, and later fell out with the military establishment before being jailed.Pakistan’s 2024 general election offered the clearest indication that Imran Khan’s imprisonment had not erased his political relevance. Despite the PTI being stripped of its election symbol and Imran Khan remaining in prison, PTI-backed independents won 92 directly elected National Assembly seats — more than candidates backed by any other political grouping.While that result did not bring the party back to power, it showed that his absence from the ballot did not translate into the disappearance of his support.However, the outcome should not have been a surprise. In October 2022, just months after his ouster as prime minister, Imran Khan contested by-elections in seven of eight National Assembly constituencies voting on October 16. He won six of the seven seats he contested, while the Pakistan People’s Party won the other two constituencies.He then won another by-election in Kurram on October 30, taking his tally of by-election victories that month to seven.The by-election results offered an early indication that removing Imran Khan from office had not dented his electoral support. The 2024 elections reinforced that point, showing that his imprisonment and the restrictions placed on the PTI had not eliminated its support among voters.As its founder and most prominent face, PTI has repeatedly described Imran Khan as its “red line.” The phrase took on greater significance after his arrest on May 9, 2023, when Pakistan witnessed widespread rioting and arson by PTI supporters. Protesters targeted government buildings and military installations, including the residence of a corps commander in Lahore and the army’s general headquarters in Rawalpindi.The events marked a dramatic escalation in the confrontation between Imran Khan and the military establishment. They also demonstrated why the PTI has continued to place him at the centre of its politics: attempts to remove him from the political arena have not removed the attachment to him among a significant section of the party’s supporters.Since his incarceration, the party has repeatedly mobilised in Islamabad, demanding his release. The federal government’s frustration with these protests was evident ahead of the recently postponed Islamabad march, when interior minister Mohsin Naqvi spoke of the need to find a “permanent solution” to the PTI’s repeated demonstrations in the capital.“This time we will find a permanent solution; we will not leave it halfway,” Naqvi said.Therefore, Imran Khan remains the PTI’s “red line” — one reason efforts to marginalise him politically have so far struggled to succeed.Imran Khan’s prolonged imprisonment has also strengthened a persecution narrative around him. His party and supporters have consistently argued that the numerous cases against him are politically motivated and intended to keep him out of politics. Pakistani authorities have rejected those allegations.The fact that more than 100 cases have been brought against him, his disqualification by the Election Commission in 2022, and the restrictions imposed on the PTI ahead of the 2024 general elections have only strengthened that narrative among his supporters.The conditions of his imprisonment at Rawalpindi’s Adiala Jail have added another dimension to the persecution narrative.In December 2025, UN Special Rapporteur on torture Alice Jill Edwards raised concerns over reports that Khan was being held in conditions falling below international standards for humane and dignified detention. The communication cited allegations of prolonged solitary confinement, restricted access to the outside world and inadequate ventilation.Edwards subsequently urged Pakistani authorities to end his reported solitary confinement and ensure that his detention conditions complied with international standards, warning that the reported conditions could amount to torture or other inhuman or degrading treatment.The Pakistani establishment has succeeded in keeping Imran Khan behind bars. But with so many eyes on his case, it has not succeeded in making his political relevance disappear.The controversy surrounding Imran Khan’s imprisonment has increasingly extended beyond politics and Pakistan, as his cricketing legacy has kept his case in the international spotlight.Former international cricket captains have appealed to Prime Minister Shehbaz Sharif’s government over Khan’s treatment and access to medical care. In August, 21 former captains urged the government to ensure “humane treatment and proper medical care” for their former on-field rival.Matters almost came to a head during the recent England-Pakistan Test series. During the second Test at Lord’s, the Pakistan Cricket Board reportedly considered not sending its players back onto the field after the lunch break after Sky Sports aired an interview with Imran Khan’s sons, Kasim and Suleiman.The PCB ultimately returned to the field and lodged a complaint with the broadcaster.The episode underscored how Imran Khan’s imprisonment continues to attract attention beyond Pakistan and outside politics.Every time the PTI has marched on Islamabad, the Pakistan government has responded by fortifying the capital, blocking entry routes and deploying thousands of police and paramilitary personnel.Ahead of the September 27 march, authorities deployed thousands of security personnel and erected extensive barricades and roadblocks around Islamabad.The crackdown extended to Imran Khan’s family too, with his three sisters detained ahead of the now-postponed march.Such measures may prevent protesters from reaching Islamabad, but they have not stopped the PTI from returning to the streets with the same central demand: Imran Khan’s release. The state has managed to contain individual protests, but each confrontation has been followed by another, keeping his imprisonment at the centre of Pakistan’s politics.By isolating him in prison and cracking down on his family and party, the Pakistani authorities have sought to contain Imran Khan’s political influence. So far, however, his electoral support, PTI’s continued mobilisation and the attention surrounding his imprisonment show that those measures have not removed him from the country’s political contest.For now, Imran Khan’s ability to retain political relevance despite his imprisonment remains a significant feature of Pakistan’s politics.","Former Pakistan PM Imran Khan has been incarcerated since 2023. He has faced more than 100 cases, many involving corruption allegations. Several of his convictions have been overturned, suspended or otherwise challenged. Yet none of it has so far succeeded in removing Imran Khan from the centre of Pakistan's politics.","https://static.toiimg.com/thumb/msid-134595527,width-400,height-225,resizemode-4/former-pakistan-pm-imran-khan-has-been-incarcerated-since-2023-file-photo.jpg"
BLF’s newly-formed female unit 'KAAD' attacks military convoy in Balochistan; claims nine killed,https://timesofindia.indiatimes.com/world/pakistan/blfs-newly-formed-female-unit-kaad-attacks-military-convoy-in-balochistan-claims-nine-killed/articleshow/134567918.cms,"Image credit: X

The Balochistan Liberation Front (BLF) has released footage of an attack by its newly formed female unit on a Pakistani military convoy in Turbat, claiming that nine security personnel were killed in the operation.The video, released through the group’s media cell Aashoob, shows fighters of the Karima Armed Assault Division (KAAD) firing at a three-vehicle Quick Response Force (QRF) convoy on the China-Pakistan Economic Corridor (CPEC) highway on September 22.The footage includes a female commander briefing fighters before the operation, along with training clips. It also shows the fighters opening fire on the convoy from close range. The group claimed that several military vehicles were severely damaged and that several personnel were injured. These claims could not be independently verified.BLF spokesperson Major Gwahram Baloch said the group’s Qurban unit supported the operation and helped its fighters resist an attempt by Pakistani forces to encircle them, while covering their withdrawal. He said Qurban unit fighter Chakar Murad, alias Dileep Jan, was killed during the attack.The video also shows KAAD members conducting snap checks of vehicles in the Mangchar area of Kalat. The BLF claimed that its fighters carried out a blockade and vehicle checks there.In a separate incident, the Baloch Republican Army (BRA) claimed responsibility for an attack on a Mari Energies Limited site in the Beh Loti area of Dera Bugti, using rockets and heavy weapons.BRA spokesperson Sarbaz Baloch claimed that three company employees were killed and several others injured. He said a clash followed between Pakistani forces and members of a local armed group. The BRA claimed nine Pakistani military personnel and three members of the armed group were killed, while six of its own fighters also lost their lives, according to The Balochistan Post.The Baloch Republican Guards (BRG) separately claimed that its fighters seized Haji Shehr and destroyed a local police station using explosives. It also said BRA fighters entered Eri Shehr, took control of government facilities and withdrew after the operation.KAAD is named after Karima Baloch, a pro-independence activist and the first woman chairperson of the Baloch Students Organisation-Azad. She was found dead in Toronto in 2020.",Balochistan Liberation Front (BLF) claims nine security personnel were killed in the operation. Video shows fighters of the Karima Armed Assault Division (KAAD) firing at a three-vehicle Quick Response Force (QRF) convoy on the China- Pakistan Economic Corridor (CPEC) highway.,"https://static.toiimg.com/thumb/msid-134568236,imgsize-111792,width-400,height-225,resizemode-4/image-credit-x-1.jpg"
'Technical issue': Pakistan blocks airspace for Russian flight carrying uranium for Bangladesh nuclear plant,https://timesofindia.indiatimes.com/world/pakistan/technical-issue-pakistan-blocks-airspace-for-russian-flight-carrying-uranium-for-bangladesh-nuclear-plant/articleshow/134565219.cms,"Russia’s uranium shipment for Bangladesh’s Rooppur nuclear plant delayed (Image credit: Reuters)

Poll Vote & Share your view Should international diplomatic norms allow for expedited clearance of flights carrying critical supplies like nuclear fuel? Definitely Not at all 3k+ users shared opinion today 5k+ users already voted today 3k+ users shared opinion today Share Opinion

NEW DELHI: Pakistan has denied airspace clearance to a Russian cargo flight carrying nuclear fuel for Bangladesh's Rooppur nuclear power plant, delaying the scheduled arrival of uranium for the facility's Unit 2. Pakistan later described the matter as a ""technical and procedural"" issue involving flight routing and airspace permissions.The nuclear fuel was scheduled to arrive in Bangladesh on September 24 but did not reach the country after the aircraft was not allowed to use Pakistani airspace. Russia has now proposed the first week of October as a new arrival date, according to Bangladesh officials as cited by news agency ANI.""We heard that a cargo plane carrying uranium for the Rooppur Nuclear Power Plant in Bangladesh was scheduled to arrive on September 24. However, the flight was not given permission to use Pakistani airspace, so the uranium did not arrive in Bangladesh as planned. As of now, the exact reason for Pakistan not granting the airspace clearance is still unknown"", ANI quoted Bangladesh's minister for science and technology Faqir Mahbub Anam saying.""A new date has been proposed, with Russia indicating the first week of October for the uranium to arrive in Bangladesh"", he added.Sheikh Mohammed Tauhidul Islam, joint secretary in Bangladesh's science and technology ministry, said preparations had been completed at the airport before officials were informed that the airspace was unavailable.""We had completed all the preparations at the airport and were waiting, but the liaison officer from Rosatom told us that the airspace was not clear. So we couldn’t send it. It may need to be rescheduled"", he said.Pakistan's high commission in Dhaka, in a clarification, said the matter was related to technical and procedural arrangements.""Pakistan maintains an unwavering commitment to international diplomatic norms and processes all requests for diplomatic flight and overflight clearances within a standardised, predictable timeframe, strictly in accordance with our established regulatory guidelines and civil aviation protocols,"" ANI quoted it as saying.""With regard to the reports being quoted, the matter appears to relate to technical and procedural arrangements concerning flight routing and airspace permissions, which can occasionally require coordination among the relevant aviation and other authorities and may result in adjustments to flight schedules"", it added.The high commission also said the incident should not be linked to Pakistan-Bangladesh ties.""Pakistan attaches high importance to its relations with Bangladesh, and it would therefore be appropriate to view the matter in its proper technical context and not attach undue significance to reports or narratives that may seek to misplace it to undermine our bilateral relations,"" it said.The Rooppur Nuclear Power Plant, Bangladesh's first nuclear power facility, is being built with technical assistance from Russia's state nuclear corporation Rosatom. The project comprises two VVER-1200 reactor units with a combined capacity of 2,400 MW.","The nuclear fuel was scheduled to arrive in Bangladesh on September 24 but did not reach the country after the aircraft was not allowed to use Pakistani airspace. Pakistan later described the matter as a ""technical and procedural"" issue involving flight routing and airspace permissions. Russia has now proposed the first week of October as a new arrival date.","https://static.toiimg.com/thumb/msid-134565192,imgsize-198978,width-400,height-225,resizemode-4/bangladeshs-rooppur-nuclear-power-plant.jpg"
"'Took mobile phones, cash': Karachi football team robbed at gunpoint on Balochistan highway",https://timesofindia.indiatimes.com/world/pakistan/took-mobile-phones-cash-karachi-football-team-robbed-at-gunpoint-on-balochistan-highway/articleshow/134561693.cms,"Image credit X @Baloch_Nojawan

NEW DELHI: A football team travelling from Karachi to Quetta to participate in the Chief Minister’s Gold Cup tournament was robbed at gunpoint on a highway in Pakistan’s Balochistan province, PTI reported on Monday.Around a dozen armed men intercepted the Karachi District West team’s bus between Mastung and Sariab, and took away the players’ mobile phones, cash and other valuables. The incident took place on Monday evening, leaving the players without money.Team manager Zulfiqar Ali Bhutto said the armed men ordered all passengers to get off the bus before robbing them.""The armed men asked all the passengers to disembark from the bus and then took away all mobile phones, cash, and other valuables. They also butted some of the passengers.""After reaching Quetta, the team informed Balochistan’s sports minister about the robbery. The minister intervened to provide the players with daily allowances, according to the report.Muhammad Azam, secretary of the Sindh Football Association, an affiliated unit of the Pakistan Football Federation, said the team had travelled despite official warnings against using road and rail routes to Quetta.""We didn't send the Sindh team and we advised all other clubs in Karachi to avoid going to Quetta by bus or train because of the security situation. The Karachi west team still went ahead and what we feared happened,"" Muhammad Azam said.He added that the Punjab and Khyber Pakhtunkhwa football associations had also not sent teams for the tournament.The incident comes days after two local cricketers were abducted from Dera Bugti.The highway connecting Mastung district to Quetta has become a hotspot for armed groups targeting travellers, PTI reported.","A football team travelling from Karachi to Quetta was robbed at gunpoint. Around a dozen armed men intercepted the Karachi District West team’s bus. They took away the players’ mobile phones, cash and other valuables.","https://static.toiimg.com/thumb/msid-134561742,imgsize-173903,width-400,height-225,resizemode-4/image-credit-x-baloch_nojawan.jpg"
"Child, forced marriages of minority girls in Pakistan flagged at UN event",https://timesofindia.indiatimes.com/world/pakistan/child-forced-marriages-of-minority-girls-in-pakistan-flagged-at-un-event/articleshow/134542119.cms,"UN rights event highlights risks faced by girls in Pakistan’s child marriages (ANI photo)

The impact of child and forced marriages on girls in Pakistan, particularly those from minority communities, was discussed at a side event during the 63rd session of the United Nations Human Rights Council in Geneva.Speakers at the event raised concerns about girls being married at a young age and the consequences for their education, health and basic rights. The event was reported by Global Human Rights Defence, a UN ECOSOC-accredited human rights organisation.Naveed Walter, president of Human Rights Focus Pakistan and a human rights defender, pointed to the scale of child rights violations in Pakistan and the vulnerability of children who enter marriage at an early age.“Most recently, UNICEF gave the data about Pakistan. Ninety million women and children and girls have been affected by child rights violations. And of them, 4.8 million were under 15 years of age,” Walter said.Walter said early marriage can leave girls without access to basic education and expose them to serious health risks, particularly during pregnancy.“You know, dear excellencies and dear audience, that during pregnancy, millions of children have died.And you know, under 30 per cent of the children who get married even have basic education,” he said.The discussion also focused on Sindh, where women's rights activist Shagufta Kandhro highlighted the situation of girls who are married before reaching adulthood.“According to the National Commission on the Rights of the Child, 84,000 children between the ages of 10 and 17 are married, widowed and separated. Many of them have already left school, and many face serious health risks,” Kandhro said.Kandhro said 21% of young women in Sindh had been married before turning 18. She also flagged concerns around teenage pregnancies and limited access to maternal healthcare.According to her, Pakistan sees an estimated 61,000 pregnancies among girls aged 15 to 19 each year. Only 44% of pregnant girls in this age group receive at least four antenatal visits, she said.Kandhro also cited anaemia among girls in Sindh, putting the figure at 61.9%. She described this as the highest rate among the provinces.The speakers urged stronger safeguards for women and children and called for greater international attention to child and forced marriage, which they linked to gender-based violence.",UN rights event highlights risks faced by girls in Pakistan’s child marriages. Women's rights activist Shagufta Kandhro highlighted the situation of girls who are married before reaching adulthood. She also flagged concerns around teenage pregnancies and limited access to maternal healthcare.,"https://static.toiimg.com/thumb/msid-134542281,imgsize-1518647,width-400,height-225,resizemode-4/pakistans-child-marriage-crisis-highlighted-at-un-rights-event.jpg"
Motorcycle-borne gunmen kill 3 cops in Pakistan's Khyber Pakhtunkhwa,https://timesofindia.indiatimes.com/world/pakistan/motorcycle-borne-gunmen-kill-3-cops-in-pakistans-khyber-pakhtunkhwa/articleshow/134539045.cms,"TTP suspicion after 3 traffic cops killed in Pakistan gun attack (ANI file photo)

Three traffic police officers were killed and three others injured in a gun attack in Pakistan's Khyber Pakhtunkhwa province on Monday, the Associated Press cited police.The attack took place in Wazirabad Bazaar in Tank district when suspected militants on motorcycles opened fire on a vehicle carrying the traffic police.The attackers fled the area after the shooting, local police official Jamshed Khan said.No group has claimed responsibility for the latest attack. Police are likely to suspect the Tehrik-e-Taliban Pakistan (TTP), which has carried out several attacks in the region. The TTP is a separate group from Afghanistan’s Taliban but is allied with it.The attack on police officials came two days after 'fidayeen' bomb blast in Dera Ismail Khan city in the same province. The suicide bombing killed at least 13 people and wounded over 30 others.Gunmen also opened fire on an ambulance that arrived at the scene. The TTP claimed responsibility for that attack.Pakistan has repeatedly accused Afghanistan’s Taliban government of allowing TTP militants to operate from Afghan territory and carry out attacks in Pakistan.Kabul has denied the allegations and said it does not allow its territory to be used against other countries.","Three traffic police officers were killed and three others injured in a gun attack in Pakistan's Khyber Pakhtunkhwa province on Monday. Police are likely to suspect the Tehrik-e-Taliban Pakistan (TTP), which has carried out several attacks in the region. The TTP is a separate group from Afghanistan’s Taliban but is allied with it.","https://static.toiimg.com/thumb/msid-134539099,imgsize-1022730,width-400,height-225,resizemode-4/3-cops-killed-as-militants-open-fire-on-police-vehicle-in-pakistan.jpg"
"20-year-old Azerbaijani woman allegedly drugged, gang-raped in Pakistan's Lahore",https://timesofindia.indiatimes.com/world/pakistan/20-year-old-azerbaijani-woman-allegedly-drugged-gang-raped-in-pakistans-lahore/articleshow/134519598.cms,"Azerbaijani woman, 20, allegedly drugged and gang-raped in Lahore; 3 booked (AP file photo)

A 20-year-old woman from Azerbaijan was allegedly gang-raped by three men in Lahore after being taken to a flat in the Defence Housing Authority area, news agency PTI cited police on Sunday.The incident allegedly took place after the woman, who came to Pakistan from Baku for business, was taken to a cafe by two women late on September 25. Police said three men joined them at the cafe around 11 pm and later offered to drop them in their vehicle.Instead, the men allegedly took the Azerbaijani woman to a flat, where they gave her an intoxicating substance and sexually assaulted her, according to police.She was later left near Lahore's Ghazi Interchange. The suspects allegedly took her iPhone before abandoning her.Police officer Anjum Bashir said the woman had been staying in Lahore's Raiwind area since arriving in Pakistan more than two weeks ago.Police have registered a case against three men and identified the main accused. Raids are being conducted to arrest the suspects, while their names have also been placed on the stop list to prevent them from leaving the country.The vehicle allegedly used in the incident has been recovered from the house of a relative of the main accused, Bashir said.Investigators are also examining the role of the two women who allegedly took the victim to the cafe.The woman has undergone a medical examination and police have registered the case under relevant provisions of the Pakistan Penal Code.","Azerbaijani woman, 20, allegedly drugged and gang-raped in Lahore; 3 booked. Incident allegedly took place after the woman was taken to a cafe by two women. Police said three men joined them at the cafe and later offered to drop them in their vehicle.","https://static.toiimg.com/thumb/msid-134519682,imgsize-1528809,width-400,height-225,resizemode-4/lahore-pakistan.jpg"
'Don't go back like this': Pakistan minister's throat-cut gesture to Afghan journalist backfires - video,https://timesofindia.indiatimes.com/world/pakistan/dont-go-back-like-this-pak-ministers-throat-cut-gesture-to-afghan-journalist-backfires-video/articleshow/134518493.cms,"Pak minister’s throat-cut gesture to Afghan journalist

Pakistan defence minister Khawaja Asif has faced criticism on social media over a threat-like gesture he made towards an Afghan woman journalist who questioned him about Pakistan's ties with the Taliban and its response to the treatment of Afghan women.The incident took place on the sidelines of the 81st session of the UN General Assembly in New York.The video clearly shows that journalist asked Asif what message Pakistan had for the Taliban over their policies toward Afghan women and why Islamabad had not challenged those policies when the Taliban were considered friends.""What's your message to the Taliban now? To change their policy towards Afghan women? Why at the beginning, Pakistan didn't teach them that,"" the journalist asked, according to a video of the exchange shared on social media.Asif interrupted her without answering the question and pointed towards her attire.""Don't go back like this over there. They will... otherwise they will..,"" he said, while making a hand gesture across his neck.The gesture drew strong condemnation online, with several social media users saying it appeared to imply that the journalist could be killed if she returned to Afghanistan. Users also criticised Asif and the men accompanying him for laughing after his remarks.A user on X wrote: ""This is an utterly disgraceful way for a senior government minister to respond to a woman asking a serious question.""""A woman asking about the suffering of Afghan women deserved an answer not intimidation, mockery, and laughter,"" he added.The journalist's question centred on the Taliban's policies towards Afghan women and Pakistan's position on them. Social media users said the response and the gesture were inappropriate and appeared to carry a threat of violence.The incident comes amid fresh tensions between Pakistan and Afghanistan, with Islamabad carrying out aerial and drone strikes inside Afghanistan early Thursday.The Taliban also confirmed to news agency Reuters that 28 ""fighters"" were killed after crossing from Pakistan into eastern Afghanistan. The ruling-authority in Kabul also added that most of them were former Afghan security personnel.Pakistan called the strikes as ""precision attacks"" on 10 locations. Federal information minister Atauallah Tarar said the operation was carried out in response to drones launched from Afghanistan a day earlier.According to Dawn, Tarar said in a post on X that the strikes targeted locations allegedly used for launching and storing drones. He described the operation as ""deliberate, precise, calibrated and proportionate and strictly limited to identified military objectives directly linked to the attempted attacks against Pakistan"".Afghanistan has warned Pakistan of ""dire consequences"" over the strikes, describing them as blatant aggression.""In this criminal aggression, four of our fellow Afghan compatriots have been martyred. The Islamic Emirate of Afghanistan strongly condemns these blind and cowardly attacks in the harshest terms, considering them a flagrant violation of all principles, a blatant aggression, and a crime,"" Afghan government spokesperson Zabihullah Mujahid said.Cross-border hostilities between the two neighbours have continued in recent weeks, with Pakistan carrying out military action, including aerial strikes, inside Afghanistan.",Pak defence minister Khawaja Asif made a threat-like gesture to an Afghan journalist. The journalist asked him about Pakistan's ties with the Taliban and its response to the treatment of Afghan women. Social media users said the response and the gesture were inappropriate and appeared to carry a threat of violence.,"https://static.toiimg.com/thumb/msid-134518542,imgsize-959367,width-400,height-225,resizemode-4/pakistan-defence-minister-khawaja-asif-reuters-photo.jpg"
At least 13 dead in suicide bomb blast near police post in northwestern Pakistan,https://timesofindia.indiatimes.com/world/pakistan/at-least-12-dead-in-suicide-bomb-blast-near-police-post-in-northwestern-pakistan/articleshow/134503303.cms,"Also Read:

Pakistani Taliban claims responsibility

Poll Vote & Share your view What is the most important action the government should take in response to the recent attack? Increase security at checkpoints Strengthen military operations Enhance community awareness programs Focus on diplomacy with militant groups 3k+ users shared opinion today 5k+ users already voted today 3k+ users shared opinion today Share Opinion

(With AP inputs)

At least 13 people were killed and around 35 others wounded on Saturday when a suicide bomber detonated an explosives-laden vehicle at a roadside police checkpoint in northwestern Pakistan, police and rescue officials said.The attack took place in Dera Ismail Khan, a district in Khyber Pakhtunkhwa province. Local police chief Safdar Baloch said most of the injured were security personnel and passersby, with some in critical condition.According to Baloch, gunmen later opened fire on an ambulance carrying victims to a nearby hospital, killing a rescue worker and injuring two others.Two women and a child were also among those killed in the suicide bombing, he added.The Pakistan i Taliban, or Tehrik-e-Taliban Pakistan (TTP), claimed responsibility for the attack. The TTP is separate from, but allied with, the Afghan Taliban, which returned to power in Afghanistan in 2021 after the US withdrew its troops.Pakistan has witnessed a surge in militant attacks in recent years, many of them claimed by the TTP and the outlawed Baloch Liberation Army (BLA), a separatist group primarily active in neighbouring Balochistan province.Islamabad has repeatedly accused the Afghan Taliban of allowing TTP members to operate from Afghan soil and have demanded that Kabul prevent cross-border attacks into Pakistan. Afghan authorities have denied allowing their territory to be used for attacks against other countries.Dera Ismail Khan is near South Waziristan, a former militant stronghold where the Pakistani military has carried out several operations in recent years.In December 2023, a suicide bomber detonated an explosives-laden vehicle at the main gate of a police station in Dera Ismail Khan, killing at least 23 security personnel in one of the deadliest attacks in the area. It was claimed by Tehreek-e-Jihad Pakistan, a small militant group believed to be an offshoot of the TTP.","The attack took place in Dera Ismail Khan, a district in Khyber Pakhtunkhwa province. The Pakistan i Taliban, or Tehrik-e-Taliban Pakistan (TTP), claimed responsibility. The TTP is separate from, but allied with, the Afghan Taliban.","https://static.toiimg.com/thumb/msid-134504063,imgsize-38641,width-400,height-225,resizemode-4/the-attack-took-place-in-dera-ismail-khan-a-district-in-khyber-pakhtunkhwa-province.jpg"
Pakistan govt puts Islamabad on lockdown as Imran Khan’s party pushes ahead with march,https://timesofindia.indiatimes.com/world/pakistan/pakistan-govt-puts-islamabad-on-lockdown-as-imran-khans-party-pushes-ahead-with-march/articleshow/134497858.cms,"Islamabad locked down as PTI prepares for Imran Khan march

Leaders of former Pakistan Prime Minister Imran Khan ’s Pakistan Tehreek-e-Insaf (PTI) party have vowed to press ahead with nationwide demonstrations demanding his release, as authorities tightened security in Islamabad ahead of the planned march.More than 1,000 shipping containers, many reinforced with spikes, have been placed to block roads, while sandbags have been positioned on bridges and a key highway leading into the capital has been closed. Public gatherings have also been banned in Islamabad, with 22,000 police and other security personnel deployed across the city.The government has also deployed security personnel in Khyber Pakhtunkhwa and closed the main highway linking the provincial capital, Peshawar, with Islamabad. The sweeping security measures have fuelled anger and frustration in the capital, with several businesses struggling to receive supplies.The measures to prevent Khan’s PTI from proceeding with the march come amid mounting concerns over the treatment of the former prime minister, who has been in jail since August 2023 following convictions in multiple cases.On Friday, PTI leaders announced that they would postpone the start of the march to October 4, a week after the original September 27 date, saying they hoped the delay would put further pressure on the government.The planned protest also comes amid the detention of three of Imran Khan’s sisters. Aleema Khan was detained last week, followed by Uzma Khan and Noreen Niazi, who were ordered to remain in custody for 30 days under the Punjab Maintenance of Public Order Ordinance.","More than 1,000 shipping containers, many reinforced with spikes, have been placed to block roads. Sandbags have been positioned on bridges and a key highway leading into the capital has been closed. Public gatherings have also been banned in Islamabad, with 22,000 police and other security personnel deployed.","https://static.toiimg.com/thumb/msid-134497910,imgsize-58966,width-400,height-225,resizemode-4/file-photo.jpg"
"‘No Muslim can even dare’: Pakistan PM at UN condemns Houthi attacks, draws red line over Mecca",https://timesofindia.indiatimes.com/world/pakistan/no-muslim-can-even-dare-pakistan-pm-at-un-condemns-houthi-attacks-draws-red-line-over-mecca/articleshow/134492050.cms,"Pakistan's PM Shehbaz Sharif speaks at UNGA

NEW DELHI: Pakistan Prime Minister Shehbaz Sharif on Friday used the 81st United Nations General Assembly to condemn Houthi attacks on Saudi Arabia and warn against any threat to the safety and sanctity of Mecca.He also defended Pakistan’s new defence pact with Saudi Arabia and Türkiye, while highlighting Islamabad’s diplomatic efforts to bring the United States and Iran to the negotiating table.""We once again condemn, in the strongest possible terms, the recent deplorable attacks by the Houthis against the Kingdom of Saudi Arabia,"" Sharif said in his address.""The attempted drone attack on the holy city of Mecca al-Mukarramah has outraged Muslims across the globe. Any threat to safety and sanctity... is a red line that must never be crossed. No Muslim can even dare to think of committing such a heinous (act).""Saudi Arabia has accused the Houthis of targeting Mecca with a drone, an allegation the Houthis denied. Riyadh has also reported intercepting Houthi ballistic missiles following renewed hostilities in the region.Sharif also sought to underline Islamabad’s diplomatic role in the conflict between the United States and Iran, saying Pakistan had worked to bring the two sides to the negotiating table.“Pakistan chose to act swiftly through concerted efforts. Pakistan successfully brought Washington and Tehran under one roof in Islamabad. From the Islamabad talks to the Islamabad Memorandum of Understanding, many historic steps were taken to bring an end to this serious conflict,” he said.The Pakistani prime minister also referred to the recently signed defence agreement between Pakistan, Saudi Arabia and Türkiye. The Makkah Joint Defence Agreement provides for collective defence commitments among the three countries, while Pakistani officials have said the arrangement is not directed against any particular state.Sharif said the pact was intended to serve defence, stability and peace rather than confrontation.On Palestine, Sharif denounced what he called Israel’s “genocidal agenda” and condemned what he described as “Israeli aggression against Lebanon and Syria”.He also thanked Pakistan’s Chief of Defence Forces and Chief of Army Staff, Field Marshal Asim Munir, crediting his “relentless efforts” with helping create “space for diplomacy under exceptionally difficult and challenging circumstances”.Sharif further thanked US President Donald Trump for what he called his “timely intervention” during the 2025 India-Pakistan conflict, saying it had “saved hundreds of millions of lives in South Asia”.His remarks came as Pakistan balances its ties with Iran with its deepening strategic and defence relationship with Saudi Arabia, while regional tensions continue to test Islamabad’s stated preference for diplomacy.","Pakistan Prime Minister Shehbaz Sharif used the 81st United Nations General Assembly to condemn Houthi attacks on Saudi Arabia. He also defended Pakistan’s new defence pact with Saudi Arabia and Türkiye, while highlighting Islamabad's diplomatic efforts to bring the United States and Iran to the negotiating table.","https://static.toiimg.com/thumb/msid-134492067,imgsize-46430,width-400,height-225,resizemode-4/pakistans-pm-shehbaz-sharif.jpg"
Pakistan goes bananas over giant gorillas dancing to Bollywood songs,https://timesofindia.indiatimes.com/world/pakistan/pakistan-goes-bananas-over-giant-gorillas-dancing-to-bollywood-songs/articleshow/134488913.cms,"Clips of these larger-than-life performers have been spreading rapidly online (Photo: AFP)

Pakistanis are going bananas over a trend that has crossed the Indian border: Giant gorillas, dancing to Bollywood music.Clips of these larger-than-life performers have been spreading rapidly online, turning them into the surprise stars of weddings, birthdays and other festivities.In the videos, guests can be seen joining in alongside the costumed entertainers, many of them visibly delighted by the unusual addition to their celebrations. The performers swing their oversized arms to pounding DJ tracks while partygoers gather round and dance, creating a lively, comic spectacle that has quickly drawn attention across social media.Behind the trend in Lahore is Shayen Zahoor, who runs Gorilla.co.pk, a business offering giant dancing gorilla acts for events across the city.Speaking to AFP, Zahoor explained how quickly the idea took off. He said the costume was ordered in early April and arrived by the end of the same month, after which the team wasted no time putting it to use.Once the suit arrived, he and his team lost no time getting started.""We uploaded a reel on Instagram, and within just two days it reached a million views,"" Zahoor recalled.The overwhelming response convinced them to treat the venture as a serious business, and bookings soon began pouring in, with the public reaction proving remarkably enthusiastic.""On the very first day, we received approximately 1,200 to 1,300 messages,"" he said, describing how curious would-be customers flooded his inbox.Many wanted to know whether the costume had genuinely arrived, what it would cost to book, and other practical details before making up their minds.What began as a single Instagram reel has since snowballed into a full-fledged entertainment phenomenon, with giant gorillas now a familiar, if unlikely, fixture at Pakistani celebrations.",Giant dancing gorillas have become a popular feature at Pakistani celebrations. The performers swing their oversized arms to pounding DJ tracks while partygoers gather round. A single Instagram reel has since snowballed into a full-fledged entertainment phenomenon. The trend has even crossed the Indian border.,"https://static.toiimg.com/thumb/msid-134489343,imgsize-48998,width-400,height-225,resizemode-4/screenshot-2026-09-25-213900.jpg"
Pakistan govt crackdown forces PTI retreat? Imran's party likely to postpone Sept 27 Islamabad march,https://timesofindia.indiatimes.com/world/pakistan/pakistan-govt-crackdown-forces-pti-retreat-imrans-party-likely-to-postpone-sept-27-islamabad-march-to-oct-4/articleshow/134487316.cms,"Imran Khan has been in jail since 2023

Pakistan minister says PTI has 'run away'

(With PTI inputs)

The Pakistan Tehreek-i-Insaf (PTI) has decided to postpone its planned march to Islamabad from September 27 to October 4, party insiders said on Friday.The PTI had planned the march to the capital to demand the release of its incarcerated founder and former Pakistan Prime Minister Imran Khan . The decision to delay the protest apparently came in response to the tough measures taken by the federal government to prevent it.According to PTI sources, the decision was taken at a party meeting and will be formally announced by Khyber Pakhtunkhwa chief minister and PTI leader Sohail Afridi.Earlier in the day, Afridi had asserted at a press conference in Peshawar that the planned long march would go ahead despite road blockades and other measures. However, he expressed concern over reports of nails being driven into roads at the provincial boundaries, questioning whether a conspiracy to “cut” Khyber Pakhtunkhwa off from the rest of Pakistan had formally begun.“Our long march will definitely take place. This time, we will definitely come out. Put nails on the roads, place containers or fire bullets, we will come out. We will end this corrupt system of fake rulers,” he told reporters.“Pakistan will not break at any cost and we will save Pakistan,” he added.Cricketer-turned-politician Khan, 73, has been held at Rawalpindi’s high-security Adiala Jail since 2023, when he was arrested following his conviction in a corruption case.Pakistan information minister Ataullah Tarar reacted to the reports by saying the PTI had “run away” because it had made “no preparations” for the march to Islamabad.“There are no preparations for the PTI’s long march either, and that is why they have backed out of this protest. If they have the courage, let them come and hold the march,” Tarar said.The federal government had placed shipping containers along Islamabad’s main roads, allowing them to be closed at short notice ahead of the planned march.Hotels in the Faizabad area of Rawalpindi had been closed, while restaurants and shopkeepers were directed to shut their businesses. Guest houses and transport terminals in Faizabad had also been ordered to close from Friday night.Thousands of security personnel were deployed in Islamabad and Rawalpindi, the capital’s twin city and home to Pakistan Army headquarters, to control Khan’s supporters.Tensions over the planned protest continued despite PTI chairman Gohar Ali Khan urging the government to open negotiations and warning against confronting political workers with force.","Pakistan Tehreek-i-Insaf (PTI) has decided to postpone its planned march to Islamabad from September 27 to October 4. The PTI had planned the march to the capital to demand the release of its founder and former Pakistan Prime Minister Imran Khan. Khan has been held at Rawalpindi’s high-security Adiala Jail since 2023, when he was arrested following his conviction in a corruption case.","https://static.toiimg.com/thumb/msid-134487780,imgsize-697370,width-400,height-225,resizemode-4/imran-khan-has-been-in-jail-since-2023.jpg"
'Could endanger his life': Imran Khan's son warns against Adiala jail protest,https://timesofindia.indiatimes.com/world/pakistan/could-endanger-his-life-imran-khans-son-warns-against-adiala-jail-protest/articleshow/134483937.cms,"Imran Khan's son warns against Adiala jail protest

Former Pakistan Prime Minister Imran Khan 's son Kasim Khan has urged Pakistan Tehreek-e-Insaf (PTI) supporters not to march towards Rawalpindi's Adiala jail during the party's planned September 27 protest, warning that such a move could be used by Pakistani authorities as a pretext for a ""counter"" assault on the prison and put his father's life at risk.The warning comes ahead of the PTI's planned protest and march, which is being held to demand Imran Khan's release.The former premier has been in prison since August 2023 following convictions in multiple cases.In a post on X, Kasim said he had been asked to appeal to supporters against gathering near Adiala jail.""I’ve been instructed to call on the public not to attempt to march or protest nearby Adiala jail on 27. I’ve heard from sources that this may be used as an excuse for the establishment to launch a “counter” assault on the jail (Which my father is being held in), which could endanger his life. Please do not give them any reasons for “accidents” to happen to my father during the protest,"" Kasim's post read.His appeal comes as security measures have been stepped up across Punjab ahead of the PTI mobilisation.The Punjab government has imposed Section 144 across the province from September 23 to October 5, restricting public gatherings of five or more people on roads and in public places. Authorities have also sought the deployment of Pakistan Rangers in Rawalpindi, Attock, Jhelum and Mianwali.The restrictions have been imposed citing security concerns. A provincial notification referred to a ""serious and imminent threat"" to public peace and safety from militant and terrorist organisations and hostile intelligence agencies.The planned protest comes amid the detention of three of Imran Khan's sisters. Aleema Khan was detained last week, followed by Uzma Khan and Noreen Niazi, who were detained for 30 days under the Punjab maintenance of public order ordinance.On Thursday, the Lahore high court refused to immediately suspend the detention orders against Uzma and Noreen. The court issued notices to the respondents and sought their replies before taking up the plea further.The detentions have added to tensions ahead of the September 27 mobilisation.According to Dawn, lawyers for Uzma and Noreen told the Lahore high court that the two women were ""non-political"" and had been detained without sufficient legal justification. The court decided to wait for the authorities' response before ruling on their request to suspend the detention orders.Kasim had earlier criticised the detention of his aunts and other relatives and called for international attention to the issue.“This is a disgrace. Now my Aunts Dr. Uzma and Noreen, along with my cousins Shershah and Shahrez, have now been abducted as well. They have broken into my aunties' and cousins' houses and forced them into vehicles with no explanation. No reasons for arrest have been stated,"" he said in a post on X.Pakistani authorities have said the preventive detentions and restrictions are linked to public-order and security concerns. The Punjab government's notification specifically cited threats from militant organisations and other security risks while announcing the province-wide restrictions.The September 27 PTI protest is expected to add to the political and security pressure surrounding Imran Khan's continued incarceration, with authorities tightening restrictions and increasing security in areas linked to the planned mobilisation.","Kasim Khan urges supporters not to march towards Rawalpindi's Adiala jail during the party's planned September 27 protest. He warns that such a move could be used as a pretext for a ""counter"" assault on the prison and put his father's life at risk. Security measures have been stepped up across Punjab ahead of the protest.","https://static.toiimg.com/thumb/msid-134483999,imgsize-697370,width-400,height-225,resizemode-4/former-pakistan-pm-imran-khan-reuters-file-photo.jpg"
Watch: Pakistan PM runs away from questions on Hafeez Saeed at UN,https://timesofindia.indiatimes.com/world/pakistan/watch-pakistan-pm-runs-away-from-questions-on-hafeez-saeed-at-un/articleshow/134474149.cms,"Pak PM skips questions at UN

Hafiz Saeed named in terror cases

India hits out at Pakistan at UN

Poll Vote & Share your view What do you think is most important for addressing cross-border terrorism? Stronger international cooperation Better intelligence sharing Stronger border security Diplomatic efforts 3k+ users shared opinion today 5k+ users already voted today 3k+ users shared opinion today Share Opinion

Pakistan PM Shehbaz Sharif on Thursday declined to answer questions from reporters about Lashkar-e-Taiba (LeT) founder Hafiz Saeed during his visit to the United Nations headquarters for the 81st UN General Assembly.As Sharif entered the UN headquarters, reporters asked him, “Prime Minister, when will you stop harbouring terrorists?” Sharif did not respond. Later, as he left the premises, he was again asked when Pakistan would prosecute Saeed, but the prime minister once again declined to answer.Hafiz Muhammad Saeed, founder of the proscribed LeT, is a designated terrorist under India's Unlawful Activities (Prevention) Act and is wanted as an accused in the 26/11 Mumbai terror attack case.The National Investigation Agency has also named Saeed as an accused in its supplementary chargesheet in the April 22, 2025 Pahalgam terror attack case. The NIA has alleged that Pakistan-based LeT operatives were involved in the attack and has named Saeed as Accused No. 8 in the alleged larger conspiracy.A day earlier, India criticised Pakistan at the United Nations, accusing Islamabad of focusing on territorial claims and cross-border terrorism instead of addressing its economic and domestic challenges.Exercising India's right of reply at the UN Human Rights Council, Indian diplomat Kshitij Tyagi said Pakistan should focus on development rather than “coveting territory of others or exporting terror”.Tyagi also accused Pakistan of suppressing civilians in Pakistan-occupied Kashmir and referred to reports of deaths, arrests and restrictions on essential supplies including food, fuel and medicine.","Pakistan PM Shehbaz Sharif on Thursday declined to answer questions from reporters about Lashkar-e-Taiba (LeT) founder Hafiz Saeed. As Sharif entered the UN headquarters, reporters asked him, “Prime Minister, when will you stop harbouring terrorists?” Sharif did not respond.","https://static.toiimg.com/thumb/msid-134476250,imgsize-18981407,width-400,height-225,resizemode-4/pak-pm-skips-questions-at-un.jpg"
"Grimmest climbing year since '15 as bad weather, risky calls kill 40",https://timesofindia.indiatimes.com/world/south-asia/grimmest-climbing-year-since-15-as-bad-weather-risky-calls-kill-40/articleshow/134623160.cms,"Rescue workers search for survivors after an avalanche buried the Himlung base camp, Nepal on September 27. (Reuters)

TOI

TOI

At least 40 climbers and expedition workers have died across Nepal’s Himalayas and PoK’s Karakoram since May this year, making 2026 the region’s deadliest mountaineering year since 2015. Heavy snowfall and changing weather created hazardous conditions, but decisions to continue climbing or remain at exposed camps despite worsening weather also figured in several deaths. Two avalanches accounted for 26 fatalities; 10 were on Broad Peak (8,051m), including record-setting mountaineer Nirmal Purja and five other accomplished Nepalese climbers, and 16 at Himlung Himal (7,126m).High-altitude expedition safety analyst Dr Aris Thorne toldcommercial considerations and record-setting attempts could complicate decisions to turn back. “When stakes are this high, climbers often gamble against the mountain's timeline rather than the weather forecast. We saw teams bypass obvious red flags because turning back means writing off thousands of dollars and months of logistical prep. It’s an unspoken hubris that treats safety margins as negotiable.”Veteran high-altitude alpine historian Vaughn Vance said: “The obsession with ticking off commercial milestones has blinded many to the reality of the death zone.When you have millions of dollars tied up in marketing campaigns and summit sponsorships, objective risk assessment gets thrown out the window.”Nepal has no strict qualification requirements for climbers attempting its peaks, an issue that has concerned experienced mountaineers. “You have to qualify to do the Ironman,” prominent Everest chronicler and climber Alan Arnette said. “But you don’t have to qualify to climb the highest mountains in the world?”On Manaslu (8,163m), Indian-origin climber Dhrubajyoti Guha and his guide, Fursemba Sherpa, continued towards Camp III while six others retreated amid worsening weather. Guha and Sherpa were later found buried inside their tent. “Six other climbers who decided to retreat from Camp 2 are safe,” Makalu Adventure managing director Mohan Lamsal had told. He said the pair had headed higher for an early summit attempt.At Himlung Himal, 16 Nepalese expedition workers were killed in a Sept 27 avalanche while preparing base camp. Among them were a cook and kitchen assistant from the team of Imagine Nepal's Mingma Gyalje Sherpa, who led the rescue operation. “We could have saved lives today, but due to bad weather, we reached the accident site only in the evening,” he wrote on Instagram.Mingma said he had repeatedly urged the two workers to leave base camp as conditions deteriorated. “They came down briefly and then went back to base camp. They were swept away by the avalanche on Sunday morning,” he said.For high-altitude workers, however, leaving early can carry financial consequences. “People ask why the workers didn't just evacuate when the warnings came down,” Himalayan workers’ rights advocate Maya Sherpa said. “But for a high-altitude worker, leaving base camp early can mean losing seasonal wages, or worse, being branded as uncooperative by outfitters. They are often trapped between the wrath of a storm and the economic necessity of keeping the expedition alive. ”","At least 40 climbers and expedition workers have died across Nepal's Himalayas and PoK’s Karakoram since May this year. Two avalanches accounted for 26 fatalities; 10 were on Broad Peak (8,051m) and 16 at Himlung Himal (7,126m) Commercial considerations and record-setting attempts could complicate decisions to turn back.","https://static.toiimg.com/thumb/msid-134623172,imgsize-103023,width-400,height-225,resizemode-4/himlung-12.jpg"
"Nepal avalanche kills 15 workers at Himlung Himal camp, one still missing",https://timesofindia.indiatimes.com/world/south-asia/nepal-avalanche-kills-15-workers-at-himlung-himal-camp-one-still-missing/articleshow/134620619.cms,"File photo: Rescue workers search for survivors after an avalanche buried the Himlung base camp, Nepal

Workers were preparing camp for foreign climbers

Deadliest incident of autumn climbing season

At least 15 Nepali workers were killed after an avalanche buried a mountain camp they were preparing for foreign climbers in central Nepal, making it the deadliest incident of the country’s autumn climbing season, which ends this month.The avalanche struck the base camp of the 7,126-metre Himlung Himal in the northern Manang district over the weekend, burying workers who were pitching tents and fixing ropes ahead of the arrival of foreign climbers.Rescuers have recovered 15 bodies from the site, including eight retrieved from beneath the snow on Thursday and seven recovered earlier in the week, Tul Singh Gurung, president of the Nepal National Mountain Guide Association (NNMGA), told Reuters.“The bodies that were recovered today are expected to be brought by a helicopter to Kathmandu,” Gurung said.One worker remains missing, although Gurung said the chances of finding the person were dim and the rescue operation was likely to be wound up.The foreign climbers had not yet reached the base camp when the avalanche struck.The camp was being prepared by expedition support staff for a 14-member all-women climbing group from a school in the UAE.The team was expected to arrive in Kathmandu on October 1.14 staff from Himalayan Holidays and two kitchen workers from Imagine Nepal Treks had initially been caught in the avalanche. Earlier reports had put the number of missing people lower before expedition organisers and authorities revised the figure after receiving information from the remote site.The avalanche hit after persistent rain and heavy snowfall in the Himlung Himal area. Rescue efforts were hampered by poor weather and difficult access to the base camp.Two bodies recovered earlier were identified by search team members as climbing guides Pasang Bhote and Chhebi Bhote.The Himlung Himal accident is the latest deadly incident involving high-altitude workers and climbers in the Himalayas and Karakoram this year.Nepal attracts thousands of visitors each year to its mountains, supporting tens of thousands of people who work as guides, porters and other expedition staff, as well as in tourism-related jobs.However, the work has become increasingly dangerous as climate change accelerates the melting of glaciers and ice.The avalanche has now become the deadliest incident of Nepal’s autumn climbing season, according to Reuters. Gurung said the recovery operation was expected to conclude after rescuers retrieved the latest eight bodies.The 7,126-metre Himlung Himal lies in the Nar Phu region of Manang district and is among the mountains that attract climbers during Nepal’s autumn expedition season.","Workers were preparing camp for foreign climbers. One worker remains missing, although the chances of finding the person are dim and the rescue operation is likely to be wound up. It is the deadliest incident of Nepal’s autumn climbing season, which ends this month.","https://static.toiimg.com/thumb/msid-134620684,imgsize-87654,width-400,height-225,resizemode-4/nepal-avalanche-kills-15.jpg"
5.44 magnitude earthquake jolts Afghanistan’s Hindu Kush region,https://timesofindia.indiatimes.com/world/south-asia/5-44-magnitude-earthquake-jolts-afghanistans-hindu-kush-region/articleshow/134606019.cms,"A 5.44-magnitude earthquake struck Afghanistan on Thursday morning (File photo)

A 5.44-magnitude earthquake jolted Afghanistan’s Hindu Kush region early Thursday, according to the GFZ German Research Centre for Geosciences.The earthquake struck at 0129 GMT (6.59 am IST), with its epicentre initially located at 36.05 degrees north latitude and 68.87 degrees east longitude. The quake occurred at a depth of 10 km, making it a relatively shallow earthquake.There were no immediate reports of casualties or damage.The Hindu Kush is one of the most seismically active regions around Afghanistan and Pakistan. Earthquakes in the broader Hindu Kush-Pamir region can occur at both shallow and great depths, with some linked to complex tectonic activity beneath the mountain ranges.The wider region lies within the zone of continuing collision between the Indian and Eurasian plates, which has produced frequent earthquakes across the Himalaya, Hindu Kush and surrounding mountain systems.The shallow depth of Thursday’s earthquake is notable because earthquakes occurring closer to the surface can produce stronger shaking near the epicentre than much deeper earthquakes of similar magnitude.The Hindu Kush region has experienced several earthquakes in recent years, including moderate and deeper events recorded by international and regional seismological agencies.","A 5.44-magnitude earthquake struck Afghanistan's Hindu Kush region early Thursday. The quake occurred at a depth of 10 km, making it a relatively shallow earthquake. The Hindu Kush is one of the most seismically active regions around Afghanistan and Pakistan. No immediate reports of casualties or damage.","https://static.toiimg.com/thumb/msid-134606086,imgsize-52598,width-400,height-225,resizemode-4/earthquake.jpg"
"Hasina: Restore democratic rights, rule of law in Bangladesh",https://timesofindia.indiatimes.com/world/south-asia/hasina-restore-democratic-rights-rule-of-law-in-bangladesh/articleshow/134605980.cms,"Hasina made the remarks while addressing online a seminar titled “Safeguarding Democracy in Bangladesh: Rights, Freedoms and the Rule of Law” at Godfrey Mitchell Room of One Great George Street in London.

TOI Correspondent from Dhaka:

Expressing concern over what she described as a renewed threat from militancy and violent extremism, former prime minister and Awami League President Sheikh Hasina , who is facing the death penalty at home, has called for the restoration of democratic rights, political participation and the rule of law in Bangladesh, saying the country is facing a “profound crisis” of governance, security and public confidence.“We must restore the democratic rights and economic emancipation of the people of Bangladesh, give them back their voice and ensure that the future of Bangladesh is decided by the people of Bangladesh themselves,” she said. “That is my responsibility. That is my commitment and I will not abandon that,” Hasina said, noting that she will share in detail her plan for how she will return to Bangladesh in Dec this year.Hasina made the remarks while addressing online a seminar titled “Safeguarding Democracy in Bangladesh: Rights, Freedoms and the Rule of Law” at Godfrey Mitchell Room of One Great George Street in London.The seminar was organised by the Global Center for Democratic Governance (GCDG), Canada and the UK. GCDG identifies itself as an organisation focused on democracy, good governance, justice and human rights in Bangladesh. Other speakers included Sajeeb Wazed Joy, former adviser to prime minister of Bangladesh, UK MP Bob Blackman and former European Parliament member Paulo Casaca.Hasina, now based in New Delhi, said that although she had been away from Bangladesh for more than two years, she remained connected with people in the country. “Every day I hear from people of Bangladesh,” she said.","Hasina made the remarks while addressing online a seminar titled “Safeguarding Democracy in Bangladesh: Rights, Freedoms and the Rule of Law’ The seminar was organised by the Global Center for Democratic Governance (GCDG), Canada and the UK.","https://static.toiimg.com/thumb/msid-134605997,imgsize-94788,width-400,height-225,resizemode-4/sheikh-hasina.jpg"
